id,trip_id,route_id,direction_id,latitude,longitude,current_stop_sequence,current_status,timestamp,stop_id,vehicle_id,license_plate,geometry
1747_717,3859_20260606_170_0_7,170_0,1,38.77437973022461,-9.152099609375,17,IN_TRANSIT_TO,2026-07-26 11:03:56,11505,1747,92-HR-04,POINT (-9.152099609375 38.77437973022461)
1780_717,3876_20260606_170_0_4,170_0,1,38.79801940917969,-9.145549774169922,0,IN_TRANSIT_TO,2026-07-26 11:03:31,,1780,63-HX-18,POINT (-9.145549774169922 38.79801940917969)
2261_717,3829_20260606_170_0_8,170_0,1,38.748748779296875,-9.132769584655762,34,IN_TRANSIT_TO,2026-07-26 11:03:45,7302,2261,80-49-ZE,POINT (-9.132769584655762 38.748748779296875)
1766_717,3840_20260606_170_0_6,170_0,1,38.74797821044922,-9.13113021850586,35,IN_TRANSIT_TO,2026-07-26 11:03:57,7308,1766,63-HX-33,POINT (-9.13113021850586 38.74797821044922)
1763_717,3848_20260606_170_0_8,170_0,1,38.769779205322266,-9.159429550170898,22,IN_TRANSIT_TO,2026-07-26 11:03:30,5904,1763,63-HX-25,POINT (-9.159429550170898 38.769779205322266)
548_28E,14974_20260606_75_0_7,75_0,1,38.710479736328125,-9.131380081176758,21,IN_TRANSIT_TO,2026-07-26 11:03:06,13803,548,,POINT (-9.131380081176758 38.710479736328125)
571_28E,14988_20260606_75_0_3,75_0,1,38.709800720214844,-9.136480331420898,18,IN_TRANSIT_TO,2026-07-26 11:03:40,50149,571,,POINT (-9.136480331420898 38.709800720214844)
579_28E,14962_20260606_75_0_5,75_0,1,38.715049743652344,-9.136679649353027,35,IN_TRANSIT_TO,2026-07-26 11:03:39,804,579,,POINT (-9.136679649353027 38.715049743652344)
578_28E,15000_20260606_75_0_5,75_0,1,38.708900451660156,-9.13949966430664,17,IN_TRANSIT_TO,2026-07-26 11:01:17,10521,578,,POINT (-9.13949966430664 38.708900451660156)
576_28E,15014_20260606_75_0_7,75_0,1,38.71067810058594,-9.150019645690918,10,IN_TRANSIT_TO,2026-07-26 11:03:48,7111,576,,POINT (-9.150019645690918 38.71067810058594)
2643_708,3282_20260606_100_0_8,100_0,1,38.785831451416016,-9.096699714660645,7,IN_TRANSIT_TO,2026-07-26 11:01:08,50306,2643,75-VS-44,POINT (-9.096699714660645 38.785831451416016)
2634_708,3326_20260606_100_0_7,100_0,1,38.75893020629883,-9.130069732666016,29,IN_TRANSIT_TO,2026-07-26 11:03:53,7514,2634,52-VP-85,POINT (-9.130069732666016 38.75893020629883)
4650_736,5324_20260606_199_0_10,199_0,1,38.731380462646484,-9.146380424499512,23,IN_TRANSIT_TO,2026-07-26 11:03:51,1812,4650,11-JM-80,POINT (-9.146380424499512 38.731380462646484)
4645_736,5364_20260606_199_0_10,199_0,1,38.7783317565918,-9.16427993774414,8,IN_TRANSIT_TO,2026-07-26 11:03:49,5910,4645,98-JO-46,POINT (-9.16427993774414 38.7783317565918)
4646_736,5344_20260606_199_0_10,199_0,1,38.75559997558594,-9.153679847717285,15,IN_TRANSIT_TO,2026-07-26 11:03:57,5806,4646,11-JM-79,POINT (-9.153679847717285 38.75559997558594)
2980_774,7469_20260606_192_1_5,192_1,1,38.72148132324219,-9.156350135803223,8,IN_TRANSIT_TO,2026-07-26 11:03:47,6824,2980,29-VM-90,POINT (-9.156350135803223 38.72148132324219)
2978_774,7459_20260606_192_1_10,192_1,1,38.70756912231445,-9.140049934387207,34,IN_TRANSIT_TO,2026-07-26 11:03:44,3824,2978,29-VM-92,POINT (-9.140049934387207 38.70756912231445)
5202_709,3386_20260606_148_0_13,148_0,1,38.715579986572266,-9.164030075073242,3,IN_TRANSIT_TO,2026-07-26 11:02:17,8001,5202,CA-78-BZ,POINT (-9.164030075073242 38.715579986572266)
2997_737,5491_20260606_173_0_11,173_0,1,38.710330963134766,-9.13152027130127,3,IN_TRANSIT_TO,2026-07-26 11:03:48,13816,2997,34-VN-03,POINT (-9.13152027130127 38.710330963134766)
2618_744,5814_20260606_200_0_8,200_0,1,38.72098159790039,-9.146329879760742,31,IN_TRANSIT_TO,2026-07-26 11:03:57,1212,2618,66-VI-42,POINT (-9.146329879760742 38.72098159790039)
2655_744,5822_20260606_200_0_8,200_0,1,38.768428802490234,-9.110150337219238,8,IN_TRANSIT_TO,2026-07-26 11:02:10,50330,2655,05-VZ-67,POINT (-9.110150337219238 38.768428802490234)
2718_759,6916_20260606_144_0_6,144_0,1,38.775081634521484,-9.102529525756836,4,IN_TRANSIT_TO,2026-07-26 11:03:56,7823,2718,92-XQ-23,POINT (-9.102529525756836 38.775081634521484)
2633_759,6913_20260606_144_0_7,144_0,1,38.761619567871094,-9.113699913024902,18,IN_TRANSIT_TO,2026-07-26 11:03:54,8435,2633,52-VP-79,POINT (-9.113699913024902 38.761619567871094)
2646_722,4117_20260606_196_0_8,196_0,1,38.729148864746094,-9.147680282592773,30,IN_TRANSIT_TO,2026-07-26 11:03:44,1714,2646,75-VS-48,POINT (-9.147680282592773 38.729148864746094)
2656_722,41542_20260606_196_0_8,196_0,1,38.78382873535156,-9.110079765319824,1,IN_TRANSIT_TO,2026-07-26 11:03:54,12617,2656,05-VZ-53,POINT (-9.110079765319824 38.78382873535156)
2640_783,7820_20260606_203_2_9,203_2,1,38.77640151977539,-9.11797046661377,6,IN_TRANSIT_TO,2026-07-26 11:03:47,12604,2640,75-VS-43,POINT (-9.11797046661377 38.77640151977539)
2651_783,7807_20260606_203_2_10,203_2,1,38.731781005859375,-9.146180152893066,24,IN_TRANSIT_TO,2026-07-26 11:03:40,1812,2651,05-VZ-54,POINT (-9.146180152893066 38.731781005859375)
6043_732,5052_20260606_107_2_6,107_2,1,38.7036018371582,-9.171500205993652,23,IN_TRANSIT_TO,2026-07-26 11:03:46,4001,6043,BG-93-LT,POINT (-9.171500205993652 38.7036018371582)
2946_52B,35056_20260606_244_0_9,244_0,0,38.73881912231445,-9.164750099182129,21,IN_TRANSIT_TO,2026-07-26 11:03:33,1601,2946,75-GO-15,POINT (-9.164750099182129 38.73881912231445)
2694_754,6596_20260606_201_2_8,201_2,1,38.74497985839844,-9.204999923706055,16,IN_TRANSIT_TO,2026-07-26 11:03:57,8811,2694,90-XF-49,POINT (-9.204999923706055 38.74497985839844)
2692_754,6582_20260606_201_2_8,201_2,1,38.74150085449219,-9.16942024230957,29,IN_TRANSIT_TO,2026-07-26 11:03:51,1603,2692,90-XF-62,POINT (-9.16942024230957 38.74150085449219)
420_58B,35054_20260606_227_0_10,227_0,0,38.741371154785156,-9.1702299118042,0,IN_TRANSIT_TO,2026-07-26 11:03:51,,420,CH-44-FF,POINT (-9.1702299118042 38.741371154785156)
2825_753,20090_20260606_167_0_10,167_0,1,38.724151611328125,-9.160699844360352,4,IN_TRANSIT_TO,2026-07-26 11:03:44,8502,2825,BF-53-FZ,POINT (-9.160699844360352 38.724151611328125)
2789_727,4491_20260606_103_2_8,103_2,1,38.70452117919922,-9.164420127868652,22,IN_TRANSIT_TO,2026-07-26 11:03:51,10209,2789,AI-53-TL,POINT (-9.164420127868652 38.70452117919922)
2684_727,4472_20260606_103_2_7,103_2,1,38.72890090942383,-9.147649765014648,37,IN_TRANSIT_TO,2026-07-26 11:03:55,1701,2684,99-XE-59,POINT (-9.147649765014648 38.72890090942383)
2783_727,4494_20260606_103_2_8,103_2,1,38.710121154785156,-9.210800170898438,3,IN_TRANSIT_TO,2026-07-26 11:03:47,12405,2783,AI-10-BT,POINT (-9.210800170898438 38.710121154785156)
6004_706,3246_20260606_147_0_8,147_0,0,38.72325134277344,-9.148619651794434,12,IN_TRANSIT_TO,2026-07-26 11:02:32,1216,6004,82-ZC-35,POINT (-9.148619651794434 38.72325134277344)
6047_706,3226_20260606_147_0_8,147_0,0,38.733150482177734,-9.13230037689209,21,IN_TRANSIT_TO,2026-07-26 11:03:46,504,6047,BH-20-IP,POINT (-9.13230037689209 38.733150482177734)
2834_751,6463_20260606_109_0_11,109_0,1,38.71110153198242,-9.226200103759766,5,IN_TRANSIT_TO,2026-07-26 11:03:40,14309,2834,BF-76-FZ,POINT (-9.226200103759766 38.71110153198242)
2840_751,6452_20260606_109_0_11,109_0,1,38.69731903076172,-9.20009994506836,19,IN_TRANSIT_TO,2026-07-26 11:03:37,4109,2840,BF-75-FZ,POINT (-9.20009994506836 38.69731903076172)
2812_713,3597_20260606_122_0_7,122_0,0,38.7218017578125,-9.156579971313477,12,IN_TRANSIT_TO,2026-07-21 12:24:33,8516,2812,90-II-61,POINT (-9.156579971313477 38.7218017578125)
2240_703,3151_20260606_165_0_5,165_0,0,38.78717041015625,-9.142319679260254,0,IN_TRANSIT_TO,2026-07-26 11:03:38,,2240,06-31-XX,POINT (-9.142319679260254 38.78717041015625)
2292_703,3126_20260606_165_0_3,165_0,0,38.75246810913086,-9.188819885253906,33,IN_TRANSIT_TO,2026-07-26 11:03:43,10808,2292,83-16-ZM,POINT (-9.188819885253906 38.75246810913086)
2420_703,3137_20260606_165_0_9,165_0,0,38.777000427246094,-9.159680366516113,14,IN_TRANSIT_TO,2026-07-26 11:03:50,5927,2420,29-AU-15,POINT (-9.159680366516113 38.777000427246094)
2774_711,3490_20260606_101_0_5,101_0,0,38.743370056152344,-9.217530250549316,30,IN_TRANSIT_TO,2026-07-26 11:03:57,3020,2774,AH-22-ND,POINT (-9.217530250549316 38.743370056152344)
2680_711,3450_20260606_101_0_7,101_0,0,38.733299255371094,-9.189570426940918,13,IN_TRANSIT_TO,2026-07-26 11:03:55,8705,2680,93-XA-36,POINT (-9.189570426940918 38.733299255371094)
2681_711,3468_20260606_101_0_9,101_0,0,38.70751953125,-9.13302993774414,0,IN_TRANSIT_TO,2026-07-26 11:03:48,,2681,93-XA-41,POINT (-9.13302993774414 38.70751953125)
5207_746,5980_20260606_108_0_11,108_0,0,38.74018096923828,-9.167229652404785,9,IN_TRANSIT_TO,2026-07-26 11:03:29,50472,5207,CA-74-BZ,POINT (-9.167229652404785 38.74018096923828)
2299_735,5219_20260606_172_0_8,172_0,1,38.70970153808594,-9.12891960144043,31,IN_TRANSIT_TO,2026-07-26 11:03:46,8202,2299,83-14-ZM,POINT (-9.12891960144043 38.70970153808594)
2304_735,5234_20260606_172_0_6,172_0,1,38.74222183227539,-9.134129524230957,12,IN_TRANSIT_TO,2026-07-26 11:03:36,302,2304,83-10-ZM,POINT (-9.134129524230957 38.74222183227539)
1771_735,5184_20260606_172_0_8,172_0,1,38.74531936645508,-9.139820098876953,9,IN_TRANSIT_TO,2026-07-26 11:03:53,202,1771,63-HX-27,POINT (-9.139820098876953 38.74531936645508)
6045_706,3204_20260606_147_0_8,147_0,1,38.72850036621094,-9.1245698928833,9,IN_TRANSIT_TO,2026-07-26 11:03:52,11705,6045,BH-32-IQ,POINT (-9.1245698928833 38.72850036621094)
6010_706,20144_20260606_147_0_4,147_0,1,38.72359848022461,-9.147680282592773,21,IN_TRANSIT_TO,2026-07-26 11:03:51,1217,6010,81-ZC-09,POINT (-9.147680282592773 38.72359848022461)
409_22B,35065_20260606_236_0_12,236_0,0,38.710731506347656,-9.14352035522461,4,IN_TRANSIT_TO,2026-07-26 11:03:48,10512,409,BF-73-TQ,POINT (-9.14352035522461 38.710731506347656)
2256_758,6789_20260606_150_0_9,150_0,1,38.745601654052734,-9.181730270385742,10,IN_TRANSIT_TO,2026-07-26 11:03:55,10701,2256,80-53-ZE,POINT (-9.181730270385742 38.745601654052734)
2295_758,6772_20260606_150_0_10,150_0,1,38.71992874145508,-9.154720306396484,26,IN_TRANSIT_TO,2026-07-26 11:03:39,6807,2295,92-53-ZM,POINT (-9.154720306396484 38.71992874145508)
2777_714,3633_20260606_102_0_8,102_0,1,38.72312927246094,-9.225250244140625,2,IN_TRANSIT_TO,2026-07-26 11:03:51,50405,2777,AI-01-BT,POINT (-9.225250244140625 38.72312927246094)
5212_714,3677_20260606_102_0_8,102_0,1,38.700950622558594,-9.207050323486328,19,IN_TRANSIT_TO,2026-07-26 11:03:50,9605,5212,CA-71-XH,POINT (-9.207050323486328 38.700950622558594)
2663_714,3697_10101_102_0_16,102_0,1,38.72127151489258,-9.221500396728516,4,IN_TRANSIT_TO,2024-10-22 20:26:58,18703,2663,05-VZ-62,POINT (-9.221500396728516 38.72127151489258)
4610_750,6363_20260606_106_0_8,106_0,0,38.74388122558594,-9.205619812011719,28,IN_TRANSIT_TO,2026-07-26 11:03:41,8816,4610,96-GL-87,POINT (-9.205619812011719 38.74388122558594)
4616_750,6382_20260606_106_0_5,106_0,0,38.76165008544922,-9.122050285339355,9,IN_TRANSIT_TO,2026-07-26 11:02:31,7506,4616,22-GP-50,POINT (-9.122050285339355 38.76165008544922)
4614_750,6351_20260606_106_0_7,106_0,0,38.75904846191406,-9.158169746398926,16,IN_TRANSIT_TO,2026-07-26 11:03:49,5810,4614,96-GL-90,POINT (-9.158169746398926 38.75904846191406)
4607_750,6334_20260606_106_0_7,106_0,0,38.6998291015625,-9.227350234985352,40,IN_TRANSIT_TO,2026-07-26 11:03:46,4213,4607,96-GL-84,POINT (-9.227350234985352 38.6998291015625)
5214_723,4145_20260606_121_0_7,121_0,0,38.712730407714844,-9.210829734802246,19,IN_TRANSIT_TO,2026-07-26 11:03:47,12922,5214,CB-83-RU,POINT (-9.210829734802246 38.712730407714844)
2683_723,4164_20260606_121_0_9,121_0,0,38.72637939453125,-9.145279884338379,4,IN_TRANSIT_TO,2026-07-26 11:03:45,6603,2683,99-XE-55,POINT (-9.145279884338379 38.72637939453125)
267_79B,35098_20260606_221_0_8,221_0,0,38.70518112182617,-9.202320098876953,11,IN_TRANSIT_TO,2026-07-26 11:03:47,13310,267,AG-41-OV,POINT (-9.202320098876953 38.70518112182617)
2278_729,4808_20260606_104_0_4,104_0,0,38.69538116455078,-9.217180252075195,37,IN_TRANSIT_TO,2026-07-26 11:03:44,13206,2278,67-41-ZJ,POINT (-9.217180252075195 38.69538116455078)
2453_729,4764_20260606_104_0_8,104_0,0,38.763771057128906,-9.198780059814453,6,IN_TRANSIT_TO,2026-07-26 11:03:51,13909,2453,16-AZ-13,POINT (-9.198780059814453 38.763771057128906)
2467_729,4761_20260606_104_0_8,104_0,0,38.7393684387207,-9.20265007019043,19,IN_TRANSIT_TO,2026-07-26 11:03:32,2810,2467,16-AZ-14,POINT (-9.20265007019043 38.7393684387207)
602_15E,11256_20260606_76_0_5,76_0,0,38.69783020019531,-9.223480224609375,20,IN_TRANSIT_TO,2026-07-26 11:03:52,13204,602,,POINT (-9.223480224609375 38.69783020019531)
608_15E,11282_20260606_76_0_9,76_0,0,38.70466995239258,-9.17786979675293,10,IN_TRANSIT_TO,2026-07-26 11:03:50,12116,608,,POINT (-9.17786979675293 38.70466995239258)
604_15E,11266_20260606_76_0_3,76_0,0,38.6976203918457,-9.193169593811035,14,IN_TRANSIT_TO,2026-07-26 11:03:36,9508,604,,POINT (-9.193169593811035 38.6976203918457)
607_15E,11291_20260606_76_0_10,76_0,0,38.70817947387695,-9.137029647827148,2,IN_TRANSIT_TO,2026-07-26 11:03:51,5515,607,IA-30-13,POINT (-9.137029647827148 38.70817947387695)
609_15E,18771_20260606_76_0_11,76_0,0,38.69744873046875,-9.19713020324707,15,IN_TRANSIT_TO,2026-07-26 11:03:55,4114,609,,POINT (-9.19713020324707 38.69744873046875)
615_15E,11305_20260606_76_0_3,76_0,0,38.71311950683594,-9.13778018951416,0,IN_TRANSIT_TO,2026-07-26 11:03:46,,615,,POINT (-9.13778018951416 38.71311950683594)
275_10B,35060_20260606_242_0_11,242_0,0,38.7087516784668,-9.133749961853027,0,IN_TRANSIT_TO,2026-07-26 11:03:51,,275,AH-16-TB,POINT (-9.133749961853027 38.7087516784668)
1710_794,8076_20260606_115_0_6,115_0,1,38.74435043334961,-9.117119789123535,26,IN_TRANSIT_TO,2026-07-26 11:03:14,3609,1710,69-AL-73,POINT (-9.117119789123535 38.74435043334961)
1761_794,8034_20260606_115_0_8,115_0,1,38.755950927734375,-9.118249893188477,14,IN_TRANSIT_TO,2026-07-26 11:03:46,24381,1761,63-HX-19,POINT (-9.118249893188477 38.755950927734375)
2983_778,18984_20260606_179_0_12,179_0,1,38.7629508972168,-9.15956974029541,22,IN_TRANSIT_TO,2026-07-26 11:03:52,50014,2983,30-VM-08,POINT (-9.15956974029541 38.7629508972168)
4626_796,18378_20260606_174_0_11,174_0,1,38.79085159301758,-9.150699615478516,1,IN_TRANSIT_TO,2026-07-26 11:03:33,11613,4626,90-JI-93,POINT (-9.150699615478516 38.79085159301758)
4635_796,8129_20260606_174_0_14,174_0,1,38.760379791259766,-9.156620025634766,16,IN_TRANSIT_TO,2026-07-26 11:03:43,5808,4635,90-JI-95,POINT (-9.156620025634766 38.760379791259766)
2443_747,6094_20260606_177_0_10,177_0,1,38.76047134399414,-9.170180320739746,14,IN_TRANSIT_TO,2026-07-26 11:03:53,50010,2443,29-AX-05,POINT (-9.170180320739746 38.76047134399414)
1709_701,2935_20260606_123_0_11,123_0,1,38.75001907348633,-9.172630310058594,14,IN_TRANSIT_TO,2026-07-26 11:03:36,12709,1709,69-AL-72,POINT (-9.172630310058594 38.75001907348633)
1704_701,2953_20260606_123_0_3,123_0,1,38.773231506347656,-9.147379875183105,12,IN_TRANSIT_TO,2026-07-26 10:57:47,1621,1704,35-AL-14,POINT (-9.147379875183105 38.773231506347656)
2993_45B,45283_20260606_277_0_9,277_0,0,38.768131256103516,-9.167320251464844,22,IN_TRANSIT_TO,2026-07-26 11:03:55,50280,2993,29-VM-93,POINT (-9.167320251464844 38.768131256103516)
2271_703,20080_20260606_165_0_6,165_0,1,38.787269592285156,-9.149120330810547,37,IN_TRANSIT_TO,2026-07-26 11:03:41,6001,2271,92-54-ZM,POINT (-9.149120330810547 38.787269592285156)
2417_703,3102_20260606_165_0_8,165_0,1,38.74481964111328,-9.199569702148438,4,IN_TRANSIT_TO,2026-07-26 10:56:52,2812,2417,50-AL-06,POINT (-9.199569702148438 38.74481964111328)
2477_703,3111_20260606_165_0_10,165_0,1,38.747650146484375,-9.20697021484375,0,IN_TRANSIT_TO,2026-07-26 11:03:32,,2477,91-BE-73,POINT (-9.20697021484375 38.747650146484375)
549_24E,17834_20260606_213_0_6,213_0,0,38.714820861816406,-9.14441967010498,3,IN_TRANSIT_TO,2026-07-26 11:03:29,10503,549,,POINT (-9.14441967010498 38.714820861816406)
208_773,7375_20260606_124_0_16,124_0,1,38.71084976196289,-9.158880233764648,16,IN_TRANSIT_TO,2026-07-26 11:03:59,10006,208,33-47-XH,POINT (-9.158880233764648 38.71084976196289)
2969_774,7439_20260606_192_1_7,192_1,0,38.711029052734375,-9.161279678344727,13,IN_TRANSIT_TO,2026-07-26 11:03:39,10014,2969,30-VM-09,POINT (-9.161279678344727 38.711029052734375)
6003_760,7048_20260606_171_0_7,171_0,1,38.722679138183594,-9.139320373535156,38,IN_TRANSIT_TO,2026-07-26 11:03:52,9213,6003,82-ZC-02,POINT (-9.139320373535156 38.722679138183594)
6040_760,7077_20260606_171_0_2,171_0,1,38.70441818237305,-9.175100326538086,24,IN_TRANSIT_TO,2026-07-26 11:03:46,12101,6040,BG-46-LT,POINT (-9.175100326538086 38.70441818237305)
2623_725,4253_20260606_197_2_6,197_2,1,38.766998291015625,-9.100580215454102,16,IN_TRANSIT_TO,2026-07-26 11:03:34,7825,2623,66-VI-26,POINT (-9.100580215454102 38.766998291015625)
4806_750,6259_20260606_106_0_7,106_0,1,38.76266860961914,-9.103630065917969,36,IN_TRANSIT_TO,2026-07-26 11:03:55,2311,4806,20-VQ-74,POINT (-9.103630065917969 38.76266860961914)
4604_750,6267_20260606_106_0_8,106_0,1,38.76115036010742,-9.12147045135498,31,IN_TRANSIT_TO,2026-07-26 11:03:52,7503,4604,96-GL-82,POINT (-9.12147045135498 38.76115036010742)
4605_750,6289_20260606_106_0_8,106_0,1,38.75703048706055,-9.17959976196289,20,IN_TRANSIT_TO,2026-07-26 11:03:36,10809,4605,31-GN-72,POINT (-9.17959976196289 38.75703048706055)
2216_794,8066_20260606_115_0_10,115_0,0,38.707420349121094,-9.13302993774414,0,IN_TRANSIT_TO,2026-07-26 11:03:29,,2216,08-00-XS,POINT (-9.13302993774414 38.707420349121094)
2645_759,6935_20260606_144_0_7,144_0,0,38.7747688293457,-9.102080345153809,44,IN_TRANSIT_TO,2026-07-26 11:03:39,7910,2645,87-VS-49,POINT (-9.102080345153809 38.7747688293457)
2641_759,6938_20260606_144_0_7,144_0,0,38.75397872924805,-9.114020347595215,26,IN_TRANSIT_TO,2026-07-26 11:03:51,24377,2641,75-VS-49,POINT (-9.114020347595215 38.75397872924805)
2624_759,17639_20260606_144_0_5,144_0,0,38.7105712890625,-9.138500213623047,3,IN_TRANSIT_TO,2026-07-26 11:03:45,5510,2624,72-VP-82,POINT (-9.138500213623047 38.7105712890625)
2648_744,5828_20260606_200_0_5,200_0,0,38.76850128173828,-9.098250389099121,25,IN_TRANSIT_TO,2026-07-26 11:03:52,7805,2648,75-VS-46,POINT (-9.098250389099121 38.76850128173828)
2613_744,5808_20260606_200_0_7,200_0,0,38.733028411865234,-9.145230293273926,5,IN_TRANSIT_TO,2026-07-26 11:03:31,1713,2613,66-VI-22,POINT (-9.145230293273926 38.733028411865234)
1726_701,2956_20260606_123_0_6,123_0,0,38.75461959838867,-9.152999877929688,1,IN_TRANSIT_TO,2026-07-26 11:03:36,5829,1726,25-AS-38,POINT (-9.152999877929688 38.75461959838867)
5204_709,3396_20260606_148_0_12,148_0,0,38.722900390625,-9.149169921875,4,IN_TRANSIT_TO,2026-07-26 11:03:45,1103,5204,CA-76-BZ,POINT (-9.149169921875 38.722900390625)
2695_754,6602_20260606_201_2_7,201_2,0,38.73596954345703,-9.21107006072998,25,IN_TRANSIT_TO,2026-07-26 11:03:55,8844,2695,90-XF-50,POINT (-9.21107006072998 38.73596954345703)
2979_730,4957_20260606_198_0_9,198_0,1,38.72890090942383,-9.144129753112793,1,IN_TRANSIT_TO,2026-07-26 11:03:49,50475,2979,30-VM-17,POINT (-9.144129753112793 38.72890090942383)
2731_720,4082_20260606_143_0_11,143_0,1,38.73324966430664,-9.141070365905762,27,IN_TRANSIT_TO,2026-07-26 11:03:49,312,2731,AG-49-EI,POINT (-9.141070365905762 38.73324966430664)
1753_720,4063_20260606_143_0_10,143_0,1,38.738800048828125,-9.120280265808105,32,IN_TRANSIT_TO,2026-07-26 11:01:33,8907,1753,34-HU-19,POINT (-9.120280265808105 38.738800048828125)
1775_720,4060_20260606_143_0_2,143_0,1,38.74224853515625,-9.131830215454102,29,IN_TRANSIT_TO,2026-07-26 11:03:31,9006,1775,53-HX-08,POINT (-9.131830215454102 38.74224853515625)
2405_767,7232_20260606_112_0_10,112_0,1,38.75038146972656,-9.222399711608887,0,IN_TRANSIT_TO,2026-07-22 17:03:32,,2405,50-AL-10,POINT (-9.222399711608887 38.75038146972656)
2406_767,7230_20260606_112_0_6,112_0,1,38.7482795715332,-9.217550277709961,2,IN_TRANSIT_TO,2026-07-26 11:03:22,50336,2406,50-AL-09,POINT (-9.217550277709961 38.7482795715332)
2232_767,7208_20260606_112_0_4,112_0,1,38.76142883300781,-9.166729927062988,25,IN_TRANSIT_TO,2026-07-26 11:03:31,50006,2232,06-23-XX,POINT (-9.166729927062988 38.76142883300781)
5215_723,63532_20260606_121_0_4,121_0,1,38.723228454589844,-9.16569995880127,26,IN_TRANSIT_TO,2026-07-26 11:03:51,8608,5215,CB-84-RU,POINT (-9.16569995880127 38.723228454589844)
2682_723,4142_20260606_121_0_8,121_0,1,38.698429107666016,-9.225419998168945,1,IN_TRANSIT_TO,2026-07-26 11:03:46,4206,2682,93-XA-42,POINT (-9.225419998168945 38.698429107666016)
408_19B,35051_20260606_245_0_5,245_0,0,38.717681884765625,-9.14484977722168,16,IN_TRANSIT_TO,2026-07-26 11:03:47,50532,408,BF-24-TS,POINT (-9.14484977722168 38.717681884765625)
1751_742,5725_20260606_114_0_7,114_0,0,38.72998046875,-9.108699798583984,4,IN_TRANSIT_TO,2026-07-26 11:03:44,17566,1751,34-HU-17,POINT (-9.108699798583984 38.72998046875)
308_742,5703_20260606_114_0_6,114_0,0,38.7288703918457,-9.159350395202637,28,IN_TRANSIT_TO,2026-07-26 11:03:39,6115,308,68-SX-55,POINT (-9.159350395202637 38.7288703918457)
6021_732,5037_20260606_107_2_6,107_2,0,38.69932174682617,-9.185569763183594,17,IN_TRANSIT_TO,2026-07-26 11:03:47,9504,6021,BD-91-QG,POINT (-9.185569763183594 38.69932174682617)
573_24E,17844_20260606_213_0_5,213_0,1,38.71997833251953,-9.154279708862305,4,IN_TRANSIT_TO,2026-07-26 11:03:49,6823,573,,POINT (-9.154279708862305 38.71997833251953)
2307_758,6817_20260606_150_0_11,150_0,0,38.70756912231445,-9.143369674682617,2,IN_TRANSIT_TO,2026-07-26 11:03:35,3825,2307,83-20-ZM,POINT (-9.143369674682617 38.70756912231445)
2265_758,6811_20260606_150_0_5,150_0,0,38.7276496887207,-9.161470413208008,12,IN_TRANSIT_TO,2026-07-26 11:03:34,8509,2265,76-91-ZG,POINT (-9.161470413208008 38.7276496887207)
2942_45B,45282_20260606_277_0_9,277_0,1,38.773529052734375,-9.161580085754395,22,IN_TRANSIT_TO,2026-07-26 11:03:49,5903,2942,51-GL-82,POINT (-9.161580085754395 38.773529052734375)
4639_796,8115_20260606_174_0_13,174_0,0,38.773250579833984,-9.161399841308594,5,IN_TRANSIT_TO,2026-07-26 11:03:50,5907,4639,27-JO-13,POINT (-9.161399841308594 38.773250579833984)
2688_738,5527_20260606_117_0_7,117_0,0,38.733821868896484,-9.14503002166748,18,IN_TRANSIT_TO,2026-07-26 11:03:56,1802,2688,93-XA-35,POINT (-9.14503002166748 38.733821868896484)
2691_738,5538_20260606_117_0_9,117_0,0,38.75490188598633,-9.175970077514648,0,IN_TRANSIT_TO,2026-07-26 11:03:48,,2691,90-XF-45,POINT (-9.175970077514648 38.75490188598633)
2687_738,5522_20260606_117_0_3,117_0,0,38.704349517822266,-9.174200057983398,32,IN_TRANSIT_TO,2026-07-26 11:03:55,4004,2687,93-XA-44,POINT (-9.174200057983398 38.704349517822266)
2286_724,4209_20260606_178_0_10,178_0,1,38.761070251464844,-9.19773006439209,2,IN_TRANSIT_TO,2026-07-26 11:03:33,13911,2286,67-42-ZJ,POINT (-9.19773006439209 38.761070251464844)
2289_724,4208_20260606_178_0_10,178_0,1,38.727298736572266,-9.200630187988281,19,IN_TRANSIT_TO,2026-07-26 11:03:44,50183,2289,92-60-ZM,POINT (-9.200630187988281 38.727298736572266)
2828_728,4618_20260606_204_0_6,204_0,1,38.76667022705078,-9.098099708557129,9,IN_TRANSIT_TO,2026-07-26 11:03:43,7805,2828,BF-60-FZ,POINT (-9.098099708557129 38.76667022705078)
2827_728,4614_20260606_204_0_6,204_0,1,38.70896911621094,-9.130180358886719,31,IN_TRANSIT_TO,2026-07-26 11:03:58,8202,2827,BF-61-FZ,POINT (-9.130180358886719 38.70896911621094)
4827_728,4594_20260606_204_0_3,204_0,1,38.7087516784668,-9.133529663085938,32,IN_TRANSIT_TO,2026-07-26 11:03:31,4502,4827,34-VR-15,POINT (-9.133529663085938 38.7087516784668)
5220_727,4469_20260606_103_2_3,103_2,0,38.74153137207031,-9.146820068359375,3,IN_TRANSIT_TO,2026-07-26 11:03:57,1906,5220,CE-53-ML,POINT (-9.146820068359375 38.74153137207031)
5218_727,4447_20260606_103_2_5,103_2,0,38.70705032348633,-9.173629760742188,24,IN_TRANSIT_TO,2026-07-26 11:03:53,9417,5218,CB-81-RU,POINT (-9.173629760742188 38.70705032348633)
2778_727,4450_20260606_103_2_7,103_2,0,38.706199645996094,-9.173279762268066,24,IN_TRANSIT_TO,2026-07-26 11:03:51,9417,2778,AI-03-BT,POINT (-9.173279762268066 38.706199645996094)
2639_755,17668_20260606_118_0_7,118_0,1,38.75617980957031,-9.11359977722168,26,IN_TRANSIT_TO,2026-07-26 11:03:47,8427,2639,75-VS-47,POINT (-9.11359977722168 38.75617980957031)
2637_793,7987_20260606_145_0_10,145_0,1,38.739280700683594,-9.124119758605957,6,IN_TRANSIT_TO,2026-07-26 11:03:39,8908,2637,87-VS-51,POINT (-9.124119758605957 38.739280700683594)
2626_793,7977_20260606_145_0_9,145_0,1,38.7393798828125,-9.10669994354248,28,IN_TRANSIT_TO,2026-07-26 11:03:57,12517,2626,52-VP-86,POINT (-9.10669994354248 38.7393798828125)
2841_728,4574_20260606_204_0_6,204_0,0,38.69738006591797,-9.203980445861816,0,IN_TRANSIT_TO,2026-07-26 11:03:57,,2841,BF-55-FZ,POINT (-9.203980445861816 38.69738006591797)
4804_728,4678_20260606_204_0_5,204_0,0,38.71405029296875,-9.121950149536133,24,IN_TRANSIT_TO,2026-07-26 11:03:57,2111,4804,53-VR-07,POINT (-9.121950149536133 38.71405029296875)
4810_728,4694_20260606_204_0_4,204_0,0,38.69676971435547,-9.199469566345215,11,IN_TRANSIT_TO,2026-07-26 11:03:49,4109,4810,20-VQ-60,POINT (-9.199469566345215 38.69676971435547)
2836_728,4674_20260606_204_0_5,204_0,0,38.77473068237305,-9.10396957397461,45,IN_TRANSIT_TO,2026-07-26 11:03:52,7807,2836,BF-70-FZ,POINT (-9.10396957397461 38.77473068237305)
2622_722,41543_20260606_196_0_2,196_0,0,38.75352096557617,-9.130370140075684,17,IN_TRANSIT_TO,2026-07-26 11:03:48,7307,2622,66-VI-21,POINT (-9.130370140075684 38.75352096557617)
2638_722,4111_20260606_196_0_8,196_0,0,38.719200134277344,-9.144550323486328,1,IN_TRANSIT_TO,2026-07-26 11:03:54,1011,2638,87-VS-48,POINT (-9.144550323486328 38.719200134277344)
2253_768,7325_20260606_111_2_8,111_2,1,38.754798889160156,-9.179420471191406,24,IN_TRANSIT_TO,2026-07-26 11:03:48,13605,2253,80-52-ZE,POINT (-9.179420471191406 38.754798889160156)
1773_735,5193_20260606_172_0_7,172_0,0,38.750179290771484,-9.159879684448242,32,IN_TRANSIT_TO,2026-07-26 11:03:41,13507,1773,53-HX-06,POINT (-9.159879684448242 38.750179290771484)
2208_735,5208_20260606_172_0_9,172_0,0,38.74237823486328,-9.134400367736816,22,IN_TRANSIT_TO,2026-07-26 11:03:57,319,2208,01-69-XO,POINT (-9.134400367736816 38.74237823486328)
2987_737,5477_20260606_173_0_16,173_0,0,38.7100715637207,-9.134329795837402,2,IN_TRANSIT_TO,2026-07-26 11:03:43,5601,2987,29-VM-99,POINT (-9.134329795837402 38.7100715637207)
2402_726,4268_20260606_116_0_7,116_0,0,38.75857162475586,-9.18025016784668,23,IN_TRANSIT_TO,2026-07-26 11:03:50,13606,2402,50-AL-13,POINT (-9.18025016784668 38.75857162475586)
2422_726,4271_20260606_116_0_9,116_0,0,38.727779388427734,-9.13677978515625,5,IN_TRANSIT_TO,2026-07-26 11:03:55,605,2422,29-AU-17,POINT (-9.13677978515625 38.727779388427734)
2441_726,4290_20260606_116_0_9,116_0,0,38.72201919555664,-9.128729820251465,0,IN_TRANSIT_TO,2026-07-26 11:03:44,,2441,29-AX-07,POINT (-9.128729820251465 38.72201919555664)
2268_724,4188_20260606_178_0_9,178_0,0,38.72616958618164,-9.19789981842041,9,IN_TRANSIT_TO,2026-07-26 11:03:52,8712,2268,76-87-ZG,POINT (-9.19789981842041 38.72616958618164)
2233_724,19280_20260606_178_0_7,178_0,0,38.76047897338867,-9.197819709777832,26,IN_TRANSIT_TO,2026-07-26 11:03:48,13711,2233,06-38-XX,POINT (-9.197819709777832 38.76047897338867)
2470_747,6099_20260606_177_0_7,177_0,0,38.761600494384766,-9.196680068969727,20,IN_TRANSIT_TO,2026-07-26 11:03:29,13909,2470,74-BC-71,POINT (-9.196680068969727 38.761600494384766)
2455_747,6078_20260606_177_0_11,177_0,0,38.76158142089844,-9.157480239868164,0,IN_TRANSIT_TO,2026-07-26 11:03:46,,2455,16-AZ-12,POINT (-9.157480239868164 38.76158142089844)
4629_736,41540_20260606_199_0_3,199_0,0,38.73453140258789,-9.144929885864258,7,IN_TRANSIT_TO,2026-07-26 11:03:29,1807,4629,11-JM-77,POINT (-9.144929885864258 38.73453140258789)
4634_736,5397_20260606_199_0_7,199_0,0,38.78633117675781,-9.171500205993652,28,IN_TRANSIT_TO,2026-07-26 11:03:41,50083,4634,11-JM-78,POINT (-9.171500205993652 38.78633117675781)
4637_736,18823_20260606_199_0_9,199_0,0,38.75791931152344,-9.153300285339355,14,IN_TRANSIT_TO,2026-07-26 11:03:37,5705,4637,98-JO-44,POINT (-9.153300285339355 38.75791931152344)
2217_717,3785_20260606_170_0_9,170_0,0,38.774620056152344,-9.147529602050781,24,IN_TRANSIT_TO,2026-07-26 11:03:54,11501,2217,07-99-XS,POINT (-9.147529602050781 38.774620056152344)
2733_717,3796_20260606_170_0_9,170_0,0,38.76782989501953,-9.158280372619629,18,IN_TRANSIT_TO,2026-07-26 11:03:55,5901,2733,AG-41-EI,POINT (-9.158280372619629 38.76782989501953)
2732_717,3807_20260606_170_0_5,170_0,0,38.74905014038086,-9.135479927062988,6,IN_TRANSIT_TO,2026-07-26 11:03:54,7301,2732,AG-39-EI,POINT (-9.135479927062988 38.74905014038086)
1749_717,3763_20260606_170_0_9,170_0,0,38.798648834228516,-9.14758014678955,40,IN_TRANSIT_TO,2026-07-26 11:03:31,16002,1749,92-HR-06,POINT (-9.14758014678955 38.798648834228516)
1762_717,3867_20260606_170_0_5,170_0,0,38.78382873535156,-9.142780303955078,40,IN_TRANSIT_TO,2026-07-26 11:03:57,16002,1762,63-HX-32,POINT (-9.142780303955078 38.78382873535156)
1769_717,3774_20260606_170_0_6,170_0,0,38.7789306640625,-9.14402961730957,30,IN_TRANSIT_TO,2026-07-26 11:03:53,6016,1769,63-HX-24,POINT (-9.14402961730957 38.7789306640625)
2635_783,7827_20260606_203_2_9,203_2,0,38.76641845703125,-9.128979682922363,16,IN_TRANSIT_TO,2026-07-26 11:03:45,7513,2635,52-VP-90,POINT (-9.128979682922363 38.76641845703125)
2678_742,5728_20260606_114_0_6,114_0,1,38.73134994506836,-9.126970291137695,44,IN_TRANSIT_TO,2026-07-26 11:03:56,7010,2678,93-XA-39,POINT (-9.126970291137695 38.73134994506836)
302_742,5742_20260606_114_0_4,114_0,1,38.72611999511719,-9.162500381469727,29,IN_TRANSIT_TO,2026-07-26 11:03:58,8508,302,22-SP-89,POINT (-9.162500381469727 38.72611999511719)
2301_742,5684_20260606_114_0_6,114_0,1,38.76890182495117,-9.170029640197754,0,IN_TRANSIT_TO,2026-07-26 11:03:51,,2301,83-12-ZM,POINT (-9.170029640197754 38.76890182495117)
2677_742,5663_20260606_114_0_6,114_0,1,38.702980041503906,-9.179780006408691,19,IN_TRANSIT_TO,2026-07-26 11:03:51,12107,2677,87-XB-41,POINT (-9.179780006408691 38.702980041503906)
5210_714,3655_20260606_102_0_7,102_0,0,38.70669937133789,-9.173749923706055,11,IN_TRANSIT_TO,2026-07-26 11:03:46,9417,5210,CA-70-XH,POINT (-9.173749923706055 38.70669937133789)
5206_714,3636_20260606_102_0_5,102_0,0,38.709930419921875,-9.214969635009766,26,IN_TRANSIT_TO,2026-07-26 11:03:58,12404,5206,CA-80-BZ,POINT (-9.214969635009766 38.709930419921875)
2822_753,20092_20260606_167_0_9,167_0,0,38.6662712097168,-9.17216968536377,8,IN_TRANSIT_TO,2026-07-26 10:54:01,14601,2822,BF-54-FZ,POINT (-9.17216968536377 38.6662712097168)
2826_753,63800_20260606_167_0_7,167_0,0,38.72547912597656,-9.151069641113281,3,IN_TRANSIT_TO,2026-07-26 11:03:54,1202,2826,BF-74-FZ,POINT (-9.151069641113281 38.72547912597656)
2653_718,3934_20260606_105_0_11,105_0,1,38.73143005371094,-9.127099990844727,7,IN_TRANSIT_TO,2026-07-26 11:03:55,7010,2653,05-VZ-52,POINT (-9.127099990844727 38.73143005371094)
2625_718,3956_20260606_105_0_7,105_0,1,38.72394943237305,-9.114119529724121,13,IN_TRANSIT_TO,2026-07-26 11:03:54,9805,2625,72-VP-79,POINT (-9.114119529724121 38.72394943237305)
4819_751,6485_20260606_109_0_7,109_0,0,38.69860076904297,-9.187370300292969,11,IN_TRANSIT_TO,2026-07-26 11:03:54,9504,4819,34-VR-16,POINT (-9.187370300292969 38.69860076904297)
4825_751,6474_20260606_109_0_11,109_0,0,38.71323013305664,-9.225099563598633,29,IN_TRANSIT_TO,2026-07-26 11:03:45,14310,4825,20-VQ-72,POINT (-9.225099563598633 38.71323013305664)
2285_731,5009_20260606_190_0_6,190_0,1,38.790931701660156,-9.107099533081055,2,IN_TRANSIT_TO,2026-07-26 11:03:38,50580,2285,67-55-ZJ,POINT (-9.107099533081055 38.790931701660156)
2308_731,4998_20260606_190_0_8,190_0,1,38.75461959838867,-9.152580261230469,25,IN_TRANSIT_TO,2026-07-26 11:03:51,5703,2308,83-17-ZM,POINT (-9.152580261230469 38.75461959838867)
2250_731,19403_10101_190_0_8,190_0,1,38.78303146362305,-9.114009857177734,3,IN_TRANSIT_TO,2024-08-10 10:41:27,12610,2250,80-41-ZE,POINT (-9.114009857177734 38.78303146362305)
2966_702,3090_20260606_146_0_1,146_0,0,38.72732925415039,-9.163530349731445,4,IN_TRANSIT_TO,2026-07-08 19:34:58,6105,2966,30-VM-20,POINT (-9.163530349731445 38.72732925415039)
2995_702,3055_20260606_146_0_12,146_0,0,38.72502899169922,-9.155229568481445,1,IN_TRANSIT_TO,2026-07-26 11:03:45,50188,2995,30-VM-15,POINT (-9.155229568481445 38.72502899169922)
274_61B,35068_20260606_241_0_12,241_0,0,38.72597122192383,-9.168479919433594,16,IN_TRANSIT_TO,2026-07-26 11:03:51,2703,274,AH-14-TB,POINT (-9.168479919433594 38.72597122192383)
2952_29B,17526_20260606_209_0_9,209_0,0,38.76395034790039,-9.123299598693848,29,IN_TRANSIT_TO,2026-07-26 11:03:02,7520,2952,62-GQ-54,POINT (-9.123299598693848 38.76395034790039)
2956_40B,19269_20260606_212_0_14,212_0,1,38.79331970214844,-9.15272045135498,25,IN_TRANSIT_TO,2026-07-25 13:49:17,11608,2956,27-GU-71,POINT (-9.15272045135498 38.79331970214844)
2955_40B,17560_20260606_212_0_10,212_0,1,38.79209899902344,-9.150699615478516,24,IN_TRANSIT_TO,2026-07-26 11:03:38,50194,2955,27-GU-70,POINT (-9.150699615478516 38.79209899902344)
2616_793,7998_20260606_145_0_8,145_0,0,38.74974822998047,-9.119819641113281,20,IN_TRANSIT_TO,2026-07-26 11:03:50,3713,2616,66-VI-44,POINT (-9.119819641113281 38.74974822998047)
2984_797,8163_20260606_163_0_19,163_0,0,38.73109817504883,-9.127880096435547,5,IN_TRANSIT_TO,2026-07-26 11:03:54,7004,2984,30-VM-04,POINT (-9.127880096435547 38.73109817504883)
6013_760,7025_20260606_171_0_8,171_0,0,38.7135009765625,-9.137100219726562,9,IN_TRANSIT_TO,2026-07-26 11:01:59,906,6013,68-ZF-53,POINT (-9.137100219726562 38.7135009765625)
6034_760,51292_20260606_171_0_2,171_0,0,38.704280853271484,-9.173970222473145,17,IN_TRANSIT_TO,2026-07-26 11:03:57,4004,6034,BF-61-AX,POINT (-9.173970222473145 38.704280853271484)
2960_40B,19270_20260606_212_0_9,212_0,0,38.77553176879883,-9.156720161437988,24,IN_TRANSIT_TO,2026-07-26 11:03:48,5920,2960,27-GU-75,POINT (-9.156720161437988 38.77553176879883)
2657_725,4243_20260606_197_2_13,197_2,0,38.79037094116211,-9.12106990814209,15,IN_TRANSIT_TO,2026-07-26 11:03:56,16309,2657,05-VZ-66,POINT (-9.12106990814209 38.79037094116211)
2964_702,3032_20260606_146_0_16,146_0,1,38.733680725097656,-9.171250343322754,2,IN_TRANSIT_TO,2026-07-26 11:03:55,2709,2964,30-VM-19,POINT (-9.171250343322754 38.733680725097656)
263_73B,35084_20260606_220_0_7,220_0,0,38.699981689453125,-9.18356990814209,37,IN_TRANSIT_TO,2026-07-26 11:03:45,9505,263,AG-26-NH,POINT (-9.18356990814209 38.699981689453125)
2787_711,3471_20260606_101_0_7,101_0,1,38.72407913208008,-9.16094970703125,26,IN_TRANSIT_TO,2026-07-26 11:03:48,8608,2787,AI-55-TL,POINT (-9.16094970703125 38.72407913208008)
2282_726,4312_20260606_116_0_6,116_0,1,38.75899887084961,-9.187979698181152,6,IN_TRANSIT_TO,2026-07-26 11:03:34,12817,2282,67-35-ZJ,POINT (-9.187979698181152 38.75899887084961)
2496_726,4293_20260606_116_0_8,116_0,1,38.73508071899414,-9.147549629211426,24,IN_TRANSIT_TO,2026-07-26 11:03:37,1412,2496,88-BL-70,POINT (-9.147549629211426 38.73508071899414)
2418_767,7244_20260606_112_0_5,112_0,0,38.75669860839844,-9.202150344848633,37,IN_TRANSIT_TO,2026-07-26 11:03:49,13704,2418,92-AO-54,POINT (-9.202150344848633 38.75669860839844)
2497_767,7253_20260606_112_0_7,112_0,0,38.75416946411133,-9.195830345153809,34,IN_TRANSIT_TO,2026-07-26 11:03:53,10912,2497,88-BL-71,POINT (-9.195830345153809 38.75416946411133)
2464_767,7188_20260606_112_0_7,112_0,0,38.727420806884766,-9.140620231628418,3,IN_TRANSIT_TO,2026-07-26 11:03:42,6902,2464,91-BE-71,POINT (-9.140620231628418 38.727420806884766)
2259_767,7263_20260606_112_0_3,112_0,0,38.742271423339844,-9.138150215148926,10,IN_TRANSIT_TO,2026-07-26 11:01:22,6405,2259,67-44-ZJ,POINT (-9.138150215148926 38.742271423339844)
2676_720,4041_20260606_143_0_11,143_0,0,38.72002029418945,-9.155099868774414,17,IN_TRANSIT_TO,2026-07-26 11:03:56,6804,2676,87-XB-40,POINT (-9.155099868774414 38.72002029418945)
1765_720,19454_20260606_143_0_2,143_0,0,38.704078674316406,-9.185370445251465,28,IN_TRANSIT_TO,2026-07-26 11:03:45,12004,1765,63-HX-28,POINT (-9.185370445251465 38.704078674316406)
417_773,7386_20260606_124_0_17,124_0,0,38.7070198059082,-9.173020362854004,26,IN_TRANSIT_TO,2026-07-26 11:03:58,50357,417,CH-51-FE,POINT (-9.173020362854004 38.7070198059082)
266_76B,35091_20260606_219_0_11,219_0,0,38.70486831665039,-9.193779945373535,29,IN_TRANSIT_TO,2026-07-26 11:03:51,50366,266,AH-55-CZ,POINT (-9.193779945373535 38.70486831665039)
2945_71B,45252_20260606_278_0_8,278_0,0,38.75230026245117,-9.189330101013184,0,IN_TRANSIT_TO,2026-07-26 11:00:57,,2945,75-GO-14,POINT (-9.189330101013184 38.75230026245117)
261_776,7478_20260606_193_2_26,193_2,0,38.69921875,-9.237330436706543,2,IN_TRANSIT_TO,2026-07-26 11:03:35,14908,261,AF-48-ZD,POINT (-9.237330436706543 38.69921875)
2992_34B,35070_20260606_226_0_5,226_0,0,38.734519958496094,-9.113349914550781,22,IN_TRANSIT_TO,2026-07-26 11:03:57,50411,2992,29-VM-95,POINT (-9.113349914550781 38.734519958496094)
2661_708,3304_20260606_100_0_7,100_0,0,38.762428283691406,-9.129449844360352,16,IN_TRANSIT_TO,2026-07-26 11:03:56,7505,2661,05-VZ-58,POINT (-9.129449844360352 38.762428283691406)
2652_708,3285_20260606_100_0_7,100_0,0,38.77614974975586,-9.094969749450684,31,IN_TRANSIT_TO,2026-07-26 11:03:50,50122,2652,05-VZ-61,POINT (-9.094969749450684 38.77614974975586)
2686_738,5511_20260606_117_0_8,117_0,1,38.703651428222656,-9.17156982421875,6,IN_TRANSIT_TO,2026-07-26 11:03:50,4001,2686,99-XE-58,POINT (-9.17156982421875 38.703651428222656)
2690_738,5543_20260606_117_0_3,117_0,1,38.741050720214844,-9.146419525146484,21,IN_TRANSIT_TO,2026-07-26 11:03:57,1805,2690,99-XE-57,POINT (-9.146419525146484 38.741050720214844)
2621_718,3945_20260606_105_0_10,105_0,0,38.739200592041016,-9.103099822998047,13,IN_TRANSIT_TO,2026-07-26 11:03:53,12510,2621,66-VI-45,POINT (-9.103099822998047 38.739200592041016)
2975_730,4961_20260606_198_0_6,198_0,0,38.72446823120117,-9.128569602966309,14,IN_TRANSIT_TO,2026-07-26 11:03:56,9108,2975,30-VM-11,POINT (-9.128569602966309 38.72446823120117)
260_64B,35081_20260606_238_0_13,238_0,0,38.71773147583008,-9.174650192260742,8,IN_TRANSIT_TO,2026-07-26 11:03:36,50487,260,AG-79-EF,POINT (-9.174650192260742 38.71773147583008)
2943_55B,35095_20260606_240_0_12,240_0,0,38.75862121582031,-9.192830085754395,2,IN_TRANSIT_TO,2026-07-26 11:03:41,50515,2943,51-GL-83,POINT (-9.192830085754395 38.75862121582031)
415_13B,35073_20260606_243_0_11,243_0,0,38.713600158691406,-9.124979972839355,11,IN_TRANSIT_TO,2026-07-26 11:03:49,50517,415,CH-54-FD,POINT (-9.124979972839355 38.713600158691406)
413_67B,35062_20260606_253_0_8,253_0,0,38.71215057373047,-9.165769577026367,4,IN_TRANSIT_TO,2026-07-26 11:03:27,50529,413,BF-41-TS,POINT (-9.165769577026367 38.71215057373047)
2644_755,6636_20260606_118_0_8,118_0,0,38.743350982666016,-9.167220115661621,41,IN_TRANSIT_TO,2026-07-26 11:03:50,12702,2644,87-VS-52,POINT (-9.167220115661621 38.743350982666016)
2714_755,6658_20260606_118_0_7,118_0,0,38.756778717041016,-9.115229606628418,16,IN_TRANSIT_TO,2026-07-26 11:03:55,8430,2714,92-XQ-38,POINT (-9.115229606628418 38.756778717041016)
257_17B,35085_20260606_247_0_9,247_0,0,38.727169036865234,-9.137249946594238,0,IN_TRANSIT_TO,2026-07-26 11:03:31,,257,AF-59-RM,POINT (-9.137249946594238 38.727169036865234)
2288_731,4976_20260606_190_0_7,190_0,0,38.762149810791016,-9.120169639587402,20,IN_TRANSIT_TO,2026-07-26 11:03:29,7509,2288,92-59-ZM,POINT (-9.120169639587402 38.762149810791016)
614_15E,11214_20260606_76_0_4,76_0,1,38.697818756103516,-9.191829681396484,9,IN_TRANSIT_TO,2026-07-26 11:03:52,4115,614,,POINT (-9.191829681396484 38.697818756103516)
603_15E,11230_20260606_76_0_10,76_0,1,38.6952018737793,-9.216750144958496,4,IN_TRANSIT_TO,2026-07-26 11:03:57,13203,603,,POINT (-9.216750144958496 38.6952018737793)
606_15E,11204_20260606_76_0_10,76_0,1,38.70349884033203,-9.166999816894531,16,IN_TRANSIT_TO,2026-07-26 11:03:50,10201,606,,POINT (-9.166999816894531 38.70349884033203)
613_15E,11188_20260606_76_0_6,76_0,1,38.707969665527344,-9.138919830322266,21,IN_TRANSIT_TO,2026-07-26 11:03:55,3823,613,,POINT (-9.138919830322266 38.707969665527344)
2989_768,7323_20260606_111_2_9,111_2,0,38.74946975708008,-9.164970397949219,2,IN_TRANSIT_TO,2026-07-26 11:03:57,13508,2989,29-VM-85,POINT (-9.164970397949219 38.74946975708008)
2293_768,7339_20260606_111_2_6,111_2,0,38.77402877807617,-9.155550003051758,35,IN_TRANSIT_TO,2026-07-26 11:03:48,5913,2293,92-57-ZM,POINT (-9.155550003051758 38.77402877807617)
544_28E,14910_20260606_75_0_8,75_0,0,38.71207809448242,-9.130279541015625,13,IN_TRANSIT_TO,2026-07-26 11:03:40,13812,544,,POINT (-9.130279541015625 38.71207809448242)
547_28E,14897_20260606_75_0_4,75_0,0,38.710350036621094,-9.142000198364258,20,IN_TRANSIT_TO,2026-07-26 11:03:50,10514,547,,POINT (-9.142000198364258 38.710350036621094)
565_28E,15052_20260606_75_0_2,75_0,0,38.710601806640625,-9.142629623413086,20,IN_TRANSIT_TO,2026-07-26 11:03:57,10514,565,,POINT (-9.142629623413086 38.710601806640625)
552_28E,14936_20260606_75_0_4,75_0,0,38.723480224609375,-9.13385009765625,4,IN_TRANSIT_TO,2026-07-26 11:03:55,707,552,,POINT (-9.13385009765625 38.723480224609375)
561_28E,14922_20260606_75_0_6,75_0,0,38.71303176879883,-9.129670143127441,11,IN_TRANSIT_TO,2026-07-26 11:03:52,50150,561,,POINT (-9.129670143127441 38.71303176879883)
412_51E,1154_20260606_158_0_12,158_0,0,38.711219787597656,-9.138680458068848,2,IN_TRANSIT_TO,2026-07-26 11:03:28,908,412,BF-65-TC,POINT (-9.138680458068848 38.711219787597656)
