id,trip_id,route_id,direction_id,latitude,longitude,current_stop_sequence,current_status,timestamp,stop_id,vehicle_id,license_plate,geometry
6032_732,5057_20250901_107_0_5,107_0,0,38.703670501708984,-9.206819534301758,38,IN_TRANSIT_TO,2025-09-23 11:13:16,13108,6032,BF-93-BC,POINT (-9.206819534301758 38.703670501708984)
4645_750,6262_20250901_106_0_7,106_0,0,38.75838088989258,-9.160499572753906,16,IN_TRANSIT_TO,2025-09-23 11:13:15,5810,4645,98-JO-46,POINT (-9.160499572753906 38.75838088989258)
4648_751,6520_20250901_109_0_6,109_0,0,38.700050354003906,-9.211370468139648,18,IN_TRANSIT_TO,2025-09-23 11:13:09,9614,4648,98-JO-47,POINT (-9.211370468139648 38.700050354003906)
2302_793,7989_20250901_145_0_11,145_0,1,38.741668701171875,-9.107819557189941,20,IN_TRANSIT_TO,2025-09-23 11:13:03,50174,2302,83-08-ZM,POINT (-9.107819557189941 38.741668701171875)
611_15E,11228_20250901_76_0_9,76_0,0,38.71147155761719,-9.136249542236328,1,IN_TRANSIT_TO,2025-09-23 11:13:14,50620,611,,POINT (-9.136249542236328 38.71147155761719)
2254_758,6877_20250901_150_0_7,150_0,0,38.721771240234375,-9.161669731140137,10,IN_TRANSIT_TO,2025-09-23 11:12:59,8513,2254,80-51-ZE,POINT (-9.161669731140137 38.721771240234375)
2315_708,3311_20250901_100_0_8,100_0,0,38.71883010864258,-9.13683032989502,2,IN_TRANSIT_TO,2025-09-23 11:13:16,818,2315,61-88-ZB,POINT (-9.13683032989502 38.71883010864258)
2448_703,3135_20250901_165_0_8,165_0,1,38.749778747558594,-9.194330215454102,7,IN_TRANSIT_TO,2025-09-23 11:13:02,10835,2448,44-BC-34,POINT (-9.194330215454102 38.749778747558594)
2766_746,5986_20250901_108_0_10,108_0,1,38.74776840209961,-9.215200424194336,0,IN_TRANSIT_TO,2025-09-23 11:13:08,,2766,AH-40-ND,POINT (-9.215200424194336 38.74776840209961)
2250_731,19403_20240727_190_0_8,190_0,1,38.78303146362305,-9.114009857177734,3,IN_TRANSIT_TO,2024-08-10 10:41:27,12610,2250,80-41-ZE,POINT (-9.114009857177734 38.78303146362305)
4602_753,6541_20250901_167_0_14,167_0,1,38.67412185668945,-9.17335033416748,2,IN_TRANSIT_TO,2025-09-23 11:13:09,14602,4602,96-GL-80,POINT (-9.17335033416748 38.67412185668945)
2292_763,46424_20250901_282_0_10,282_0,1,38.77425003051758,-9.163619995117188,17,IN_TRANSIT_TO,2025-09-23 11:12:53,5915,2292,83-16-ZM,POINT (-9.163619995117188 38.77425003051758)
612_15E,11288_20250901_76_0_10,76_0,1,38.69942855834961,-9.228580474853516,2,IN_TRANSIT_TO,2025-09-23 11:12:53,4219,612,,POINT (-9.228580474853516 38.69942855834961)
2321_742,5783_20250901_114_0_6,114_0,1,38.731170654296875,-9.156100273132324,33,IN_TRANSIT_TO,2025-09-23 11:13:02,6118,2321,04-47-ZF,POINT (-9.156100273132324 38.731170654296875)
2256_771,21942_20250901_248_0_11,248_0,1,38.73807907104492,-9.167519569396973,23,IN_TRANSIT_TO,2025-09-23 11:13:06,2713,2256,80-53-ZE,POINT (-9.167519569396973 38.73807907104492)
2494_783,7854_20250901_203_0_9,203_0,0,38.75117111206055,-9.149029731750488,12,IN_TRANSIT_TO,2025-09-23 11:13:04,2003,2494,88-BL-68,POINT (-9.149029731750488 38.75117111206055)
6033_760,7066_20250901_171_0_5,171_0,1,38.71601867675781,-9.135729789733887,35,IN_TRANSIT_TO,2025-09-23 11:12:46,818,6033,BF-92-AZ,POINT (-9.135729789733887 38.71601867675781)
4617_750,6335_20250901_106_0_6,106_0,1,38.76837158203125,-9.100879669189453,38,IN_TRANSIT_TO,2025-09-23 11:12:58,2315,4617,22-GP-51,POINT (-9.100879669189453 38.76837158203125)
2955_52B,21661_20250901_244_0_9,244_0,0,38.74153137207031,-9.159729957580566,3,IN_TRANSIT_TO,2025-09-23 11:12:48,50539,2955,27-GU-70,POINT (-9.159729957580566 38.74153137207031)
2951_32B,17548_20250901_211_0_9,211_0,0,38.751529693603516,-9.104129791259766,25,IN_TRANSIT_TO,2025-09-23 11:13:19,2220,2951,62-GQ-53,POINT (-9.104129791259766 38.751529693603516)
4642_750,6290_20250901_106_0_7,106_0,0,38.75794982910156,-9.153349876403809,14,IN_TRANSIT_TO,2025-09-23 11:13:13,5707,4642,90-JI-99,POINT (-9.153349876403809 38.75794982910156)
4616_750,6390_20250901_106_0_7,106_0,1,38.70746994018555,-9.225669860839844,5,IN_TRANSIT_TO,2025-09-23 11:13:11,18402,4616,22-GP-50,POINT (-9.225669860839844 38.70746994018555)
2953_798,8198_20250901_194_0_13,194_0,0,38.78377914428711,-9.142769813537598,17,IN_TRANSIT_TO,2025-09-23 11:12:57,6016,2953,62-GQ-55,POINT (-9.142769813537598 38.78377914428711)
4611_750,6372_20250901_106_0_6,106_0,1,38.755680084228516,-9.148929595947266,26,IN_TRANSIT_TO,2025-09-23 11:12:59,5712,4611,96-GL-88,POINT (-9.148929595947266 38.755680084228516)
2950_52B,21671_20250901_244_0_8,244_0,0,38.74127960205078,-9.146570205688477,12,IN_TRANSIT_TO,2025-09-23 11:13:05,1915,2950,62-GQ-51,POINT (-9.146570205688477 38.74127960205078)
4626_783,7835_20250901_203_0_8,203_0,1,38.76897048950195,-9.127949714660645,12,IN_TRANSIT_TO,2025-09-23 11:12:21,7602,4626,90-JI-93,POINT (-9.127949714660645 38.76897048950195)
4818_751,6437_20250901_109_0_10,109_0,0,38.699798583984375,-9.18435001373291,11,IN_TRANSIT_TO,2025-09-23 11:13:18,9504,4818,42-VT-57,POINT (-9.18435001373291 38.699798583984375)
2688_711,3484_20250901_101_0_6,101_0,1,38.72494888305664,-9.154569625854492,28,IN_TRANSIT_TO,2025-09-23 11:13:05,1224,2688,93-XA-35,POINT (-9.154569625854492 38.72494888305664)
2699_738,5566_20250901_117_0_7,117_0,1,38.70362091064453,-9.1696195602417,6,IN_TRANSIT_TO,2025-09-23 11:13:13,4001,2699,92-XQ-25,POINT (-9.1696195602417 38.70362091064453)
2692_754,6622_20250901_201_0_7,201_0,0,38.747371673583984,-9.155200004577637,7,IN_TRANSIT_TO,2025-09-23 11:13:14,2009,2692,90-XF-62,POINT (-9.155200004577637 38.747371673583984)
2691_738,5550_20250901_117_0_6,117_0,1,38.755470275878906,-9.1764497756958,34,IN_TRANSIT_TO,2025-09-23 11:12:52,50143,2691,90-XF-45,POINT (-9.1764497756958 38.755470275878906)
2694_754,6615_20250901_201_0_7,201_0,0,38.74517822265625,-9.202349662780762,19,IN_TRANSIT_TO,2025-09-23 11:13:13,2806,2694,90-XF-49,POINT (-9.202349662780762 38.74517822265625)
6048_732,5093_20250901_107_0_5,107_0,1,38.713130950927734,-9.138480186462402,31,IN_TRANSIT_TO,2025-09-23 11:13:02,913,6048,BH-46-IR,POINT (-9.138480186462402 38.713130950927734)
2695_713,3592_20250901_122_0_8,122_0,1,38.709869384765625,-9.160719871520996,16,IN_TRANSIT_TO,2025-09-23 11:12:53,10006,2695,90-XF-50,POINT (-9.160719871520996 38.709869384765625)
2705_714,3709_20250901_102_0_7,102_0,0,38.72697830200195,-9.212699890136719,30,IN_TRANSIT_TO,2025-09-23 11:13:17,10406,2705,92-XQ-29,POINT (-9.212699890136719 38.72697830200195)
2683_738,5561_20250901_117_0_6,117_0,1,38.72285079956055,-9.151430130004883,15,IN_TRANSIT_TO,2025-09-23 11:12:56,6809,2683,99-XE-55,POINT (-9.151430130004883 38.72285079956055)
6046_760,7022_20250901_171_0_6,171_0,0,38.70606994628906,-9.179019927978516,19,IN_TRANSIT_TO,2025-09-23 11:12:53,12120,6046,BH-73-IR,POINT (-9.179019927978516 38.70606994628906)
2947_26B,17520_20250901_208_0_8,208_0,1,38.775699615478516,-9.094929695129395,15,IN_TRANSIT_TO,2025-09-23 10:59:07,7910,2947,51-GL-84,POINT (-9.094929695129395 38.775699615478516)
2678_727,4553_20250901_103_0_6,103_0,1,38.705448150634766,-9.176329612731934,19,IN_TRANSIT_TO,2025-09-23 11:12:55,12105,2678,93-XA-39,POINT (-9.176329612731934 38.705448150634766)
2677_714,3671_20250901_102_0_8,102_0,1,38.70608139038086,-9.173080444335938,28,IN_TRANSIT_TO,2025-09-23 11:13:17,12105,2677,87-XB-41,POINT (-9.173080444335938 38.70608139038086)
2673_709,3401_20250901_148_0_16,148_0,0,38.72003173828125,-9.155119895935059,7,IN_TRANSIT_TO,2025-09-23 11:12:55,6810,2673,87-XB-37,POINT (-9.155119895935059 38.72003173828125)
2679_713,20157_20250901_122_0_7,122_0,0,38.723079681396484,-9.161020278930664,11,IN_TRANSIT_TO,2025-09-23 11:12:53,8512,2679,93-XA-34,POINT (-9.161020278930664 38.723079681396484)
6001_760,7095_20250901_171_0_2,171_0,1,38.705020904541016,-9.187800407409668,19,IN_TRANSIT_TO,2025-09-23 11:12:27,13405,6001,99-XU-70,POINT (-9.187800407409668 38.705020904541016)
2674_727,4552_20250901_103_0_6,103_0,1,38.69810104370117,-9.189900398254395,15,IN_TRANSIT_TO,2025-09-23 11:13:02,9507,2674,87-XB-38,POINT (-9.189900398254395 38.69810104370117)
2675_714,3697_20250901_102_0_8,102_0,1,38.71723175048828,-9.210029602050781,10,IN_TRANSIT_TO,2025-09-23 11:13:18,10405,2675,87-XB-35,POINT (-9.210029602050781 38.71723175048828)
2962_765,18944_20250901_110_0_23,110_0,0,38.756568908691406,-9.202980041503906,6,IN_TRANSIT_TO,2025-09-23 11:13:08,13704,2962,30-VM-07,POINT (-9.202980041503906 38.756568908691406)
2961_72B,45276_20250901_279_0_7,279_0,0,38.745479583740234,-9.200550079345703,21,IN_TRANSIT_TO,2025-09-23 11:13:09,2806,2961,26-VD-02,POINT (-9.200550079345703 38.745479583740234)
510_15E,11212_20250901_76_0_9,76_0,0,38.70627975463867,-9.144129753112793,3,IN_TRANSIT_TO,2025-09-23 11:12:52,3820,510,,POINT (-9.144129753112793 38.70627975463867)
6031_760,7103_20250901_171_0_8,171_0,0,38.71221923828125,-9.19873046875,31,IN_TRANSIT_TO,2025-09-23 11:13:20,10315,6031,BF-87-AX,POINT (-9.19873046875 38.71221923828125)
604_15E,11202_20250901_76_0_9,76_0,0,38.703800201416016,-9.17197036743164,8,IN_TRANSIT_TO,2025-09-23 11:12:56,10202,604,,POINT (-9.17197036743164 38.703800201416016)
2718_754,6592_20250901_201_0_8,201_0,1,38.74477005004883,-9.199179649353027,17,IN_TRANSIT_TO,2025-09-23 11:13:18,8813,2718,92-XQ-23,POINT (-9.199179649353027 38.74477005004883)
6014_760,7105_20250901_171_0_5,171_0,0,38.70376968383789,-9.194450378417969,25,IN_TRANSIT_TO,2025-09-23 11:13:04,13408,6014,67-ZF-30,POINT (-9.194450378417969 38.70376968383789)
6049_732,5089_20250901_107_0_7,107_0,1,38.70642852783203,-9.154569625854492,26,IN_TRANSIT_TO,2025-09-12 17:10:25,3901,6049,BH-47-IR,POINT (-9.154569625854492 38.70642852783203)
6050_706,3266_20250901_147_0_7,147_0,1,38.727699279785156,-9.142669677734375,18,IN_TRANSIT_TO,2025-09-23 11:12:18,6905,6050,BH-62-IR,POINT (-9.142669677734375 38.727699279785156)
2741_720,4101_20250901_143_0_5,143_0,0,38.733619689941406,-9.14525032043457,25,IN_TRANSIT_TO,2025-09-23 11:12:48,4004,2741,AG-99-TG,POINT (-9.14525032043457 38.733619689941406)
2658_756,6713_20250901_175_0_10,175_0,0,38.70806884765625,-9.173830032348633,22,IN_TRANSIT_TO,2025-09-23 11:13:16,9425,2658,05-VZ-71,POINT (-9.173830032348633 38.70806884765625)
2479_726,4325_20250901_116_0_7,116_0,0,38.738800048828125,-9.164580345153809,16,IN_TRANSIT_TO,2025-09-23 11:12:50,1507,2479,91-BE-74,POINT (-9.164580345153809 38.738800048828125)
4634_796,8140_20250901_174_0_20,174_0,1,38.76826858520508,-9.158470153808594,13,IN_TRANSIT_TO,2025-09-23 11:13:17,5904,4634,11-JM-78,POINT (-9.158470153808594 38.76826858520508)
2493_783,7809_20250901_203_0_8,203_0,1,38.73006820678711,-9.147100448608398,25,IN_TRANSIT_TO,2025-09-23 11:13:06,1714,2493,88-BL-65,POINT (-9.147100448608398 38.73006820678711)
2414_716,3718_20250901_164_0_13,164_0,0,38.738731384277344,-9.154029846191406,7,IN_TRANSIT_TO,2025-09-23 11:13:21,33102,2414,92-AO-51,POINT (-9.154029846191406 38.738731384277344)
2288_771,39065_20250901_248_0_9,248_0,1,38.71979904174805,-9.183320045471191,14,IN_TRANSIT_TO,2025-09-23 11:12:48,21306,2288,92-59-ZM,POINT (-9.183320045471191 38.71979904174805)
2763_727,4544_20250901_103_0_3,103_0,1,38.708900451660156,-9.152970314025879,29,IN_TRANSIT_TO,2025-09-23 11:13:19,7103,2763,AH-23-ND,POINT (-9.152970314025879 38.708900451660156)
2755_727,4502_20250901_103_0_5,103_0,0,38.723880767822266,-9.150899887084961,14,IN_TRANSIT_TO,2025-09-23 11:13:18,1214,2755,AG-95-TG,POINT (-9.150899887084961 38.723880767822266)
2298_742,5769_20250901_114_0_5,114_0,1,38.73067855834961,-9.127220153808594,43,IN_TRANSIT_TO,2025-09-23 11:03:02,502,2298,83-05-ZM,POINT (-9.127220153808594 38.73067855834961)
608_15E,11264_20250901_76_0_9,76_0,1,38.70457077026367,-9.17628002166748,14,IN_TRANSIT_TO,2025-09-23 11:13:07,12115,608,,POINT (-9.17628002166748 38.70457077026367)
2257_731,4996_20250901_190_0_6,190_0,1,38.75136947631836,-9.159130096435547,26,IN_TRANSIT_TO,2025-09-23 11:12:55,5701,2257,80-50-ZE,POINT (-9.159130096435547 38.75136947631836)
2282_758,6853_20250901_150_0_6,150_0,1,38.75077819824219,-9.198320388793945,5,IN_TRANSIT_TO,2025-09-23 11:13:19,10905,2282,67-35-ZJ,POINT (-9.198320388793945 38.75077819824219)
2628_705,3180_20250901_176_0_9,176_0,0,38.77558135986328,-9.110819816589355,6,IN_TRANSIT_TO,2025-09-23 11:13:19,7804,2628,52-VP-82,POINT (-9.110819816589355 38.77558135986328)
2841_728,4641_20250901_204_0_7,204_0,1,38.73366928100586,-9.10431957244873,22,IN_TRANSIT_TO,2025-09-23 11:12:56,12514,2841,BF-55-FZ,POINT (-9.10431957244873 38.73366928100586)
1717_701,2979_20250901_123_0_10,123_0,0,38.71603012084961,-9.169529914855957,31,IN_TRANSIT_TO,2025-09-23 11:13:05,8013,1717,69-AL-80,POINT (-9.169529914855957 38.71603012084961)
4832_736,5408_20250901_199_0_8,199_0,1,38.78921890258789,-9.174579620361328,4,IN_TRANSIT_TO,2025-09-23 11:12:57,15107,4832,68-VQ-51,POINT (-9.174579620361328 38.78921890258789)
281_61B,21530_20250901_241_0_12,241_0,1,38.736881256103516,-9.168219566345215,6,IN_TRANSIT_TO,2025-09-23 11:13:22,2712,281,AI-48-OJ,POINT (-9.168219566345215 38.736881256103516)
6015_706,3259_20250901_147_0_2,147_0,0,38.71921920776367,-9.15565013885498,11,IN_TRANSIT_TO,2025-09-23 11:13:15,6817,6015,69-ZF-01,POINT (-9.15565013885498 38.71921920776367)
2717_751,6498_20250901_109_0_11,109_0,1,38.69947052001953,-9.22488021850586,12,IN_TRANSIT_TO,2025-09-23 11:13:10,4204,2717,92-XQ-16,POINT (-9.22488021850586 38.69947052001953)
4624_783,7846_20250901_203_0_7,203_0,0,38.7841682434082,-9.124670028686523,28,IN_TRANSIT_TO,2025-09-23 11:13:17,16303,4624,11-JM-75,POINT (-9.124670028686523 38.7841682434082)
4811_748,6180_20250901_169_0_5,169_0,1,38.72304916381836,-9.166830062866211,6,IN_TRANSIT_TO,2025-09-23 11:13:12,14311,4811,34-VR-20,POINT (-9.166830062866211 38.72304916381836)
306_744,5819_20250901_200_0_7,200_0,1,38.74871826171875,-9.145669937133789,21,IN_TRANSIT_TO,2025-09-23 11:13:07,11209,306,73-ST-81,POINT (-9.145669937133789 38.74871826171875)
2738_756,6757_20250901_175_0_9,175_0,1,38.74116897583008,-9.14723014831543,14,IN_TRANSIT_TO,2025-09-23 11:13:19,1915,2738,AG-46-EI,POINT (-9.14723014831543 38.74116897583008)
2783_754,6584_20250901_201_0_6,201_0,1,38.74631881713867,-9.148070335388184,32,IN_TRANSIT_TO,2025-09-23 11:13:10,2004,2783,AI-10-BT,POINT (-9.148070335388184 38.74631881713867)
2978_34B,19141_20250901_226_0_7,226_0,0,38.72760009765625,-9.110219955444336,12,IN_TRANSIT_TO,2025-09-23 11:11:35,8303,2978,29-VM-92,POINT (-9.110219955444336 38.72760009765625)
2259_763,46422_20250901_282_0_9,282_0,0,38.771968841552734,-9.189970016479492,13,IN_TRANSIT_TO,2025-09-23 11:13:06,14105,2259,67-44-ZJ,POINT (-9.189970016479492 38.771968841552734)
2442_747,6122_20250901_177_0_11,177_0,0,38.76683044433594,-9.161580085754395,4,IN_TRANSIT_TO,2025-09-23 11:13:15,5813,2442,29-AX-06,POINT (-9.161580085754395 38.76683044433594)
2779_712,3565_20250901_189_0_9,189_0,0,38.71432113647461,-9.12285041809082,2,IN_TRANSIT_TO,2025-09-23 11:12:59,2101,2779,AI-02-BT,POINT (-9.12285041809082 38.71432113647461)
2703_723,4168_20250901_121_0_7,121_0,1,38.71207809448242,-9.198699951171875,0,IN_TRANSIT_TO,2025-09-23 11:13:06,,2703,92-XQ-24,POINT (-9.198699951171875 38.71207809448242)
2495_720,4087_20250901_143_0_10,143_0,1,38.70423126220703,-9.182849884033203,3,IN_TRANSIT_TO,2025-09-23 11:12:56,12005,2495,88-BL-69,POINT (-9.182849884033203 38.70423126220703)
6038_732,5088_20250901_107_0_3,107_0,1,38.74277877807617,-9.1466703414917,40,IN_TRANSIT_TO,2025-09-23 11:13:13,1903,6038,BG-46-LV,POINT (-9.1466703414917 38.74277877807617)
251_58B,19291_20250901_227_0_9,227_0,0,38.74774932861328,-9.167280197143555,3,IN_TRANSIT_TO,2025-09-23 11:12:59,12703,251,AF-87-NU,POINT (-9.167280197143555 38.74774932861328)
4833_736,5379_20250901_199_0_6,199_0,1,38.75394821166992,-9.1525297164917,16,IN_TRANSIT_TO,2025-09-23 11:12:53,5704,4833,20-VQ-65,POINT (-9.1525297164917 38.75394821166992)
4839_736,5331_20250901_199_0_6,199_0,1,38.725948333740234,-9.150650024414062,26,IN_TRANSIT_TO,2025-09-23 11:13:02,1206,4839,53-VR-08,POINT (-9.150650024414062 38.725948333740234)
2272_763,49570_20250901_282_0_12,282_0,1,38.75749969482422,-9.193770408630371,2,IN_TRANSIT_TO,2025-09-23 11:13:15,50242,2272,76-80-ZG,POINT (-9.193770408630371 38.75749969482422)
2796_723,4176_20250901_121_0_7,121_0,1,38.70948028564453,-9.215129852294922,8,IN_TRANSIT_TO,2025-09-23 11:12:01,9706,2796,AJ-59-LI,POINT (-9.215129852294922 38.70948028564453)
2614_781,7722_20250901_151_0_8,151_0,0,38.75577926635742,-9.102930068969727,13,IN_TRANSIT_TO,2025-09-23 11:13:14,2316,2614,66-VI-24,POINT (-9.102930068969727 38.75577926635742)
275_64B,21489_20250901_238_0_11,238_0,0,38.7169189453125,-9.174869537353516,9,IN_TRANSIT_TO,2025-09-23 11:13:02,50491,275,AH-16-TB,POINT (-9.174869537353516 38.7169189453125)
2824_753,6577_20250901_167_0_12,167_0,1,38.725399017333984,-9.148530006408691,6,IN_TRANSIT_TO,2025-09-23 11:13:19,1212,2824,BF-67-FZ,POINT (-9.148530006408691 38.725399017333984)
2613_759,6973_20250901_144_0_8,144_0,1,38.761131286621094,-9.11223030090332,18,IN_TRANSIT_TO,2025-09-23 11:12:57,8435,2613,66-VI-22,POINT (-9.11223030090332 38.761131286621094)
4827_736,5424_20250901_199_0_5,199_0,0,38.78691864013672,-9.172019958496094,28,IN_TRANSIT_TO,2025-09-23 11:13:20,50083,4827,34-VR-15,POINT (-9.172019958496094 38.78691864013672)
2697_713,3605_20250901_122_0_6,122_0,1,38.712799072265625,-9.157230377197266,19,IN_TRANSIT_TO,2025-09-23 11:12:20,6718,2697,90-XF-59,POINT (-9.157230377197266 38.712799072265625)
2606_759,6896_20250901_144_0_5,144_0,0,38.772071838378906,-9.117500305175781,35,IN_TRANSIT_TO,2025-09-23 11:13:09,7726,2606,66-VI-40,POINT (-9.117500305175781 38.772071838378906)
2601_759,6921_20250901_144_0_7,144_0,0,38.76298141479492,-9.114029884338379,30,IN_TRANSIT_TO,2025-09-23 11:13:12,8419,2601,04-VA-70,POINT (-9.114029884338379 38.76298141479492)
2264_731,5007_20250901_190_0_6,190_0,1,38.76470184326172,-9.119199752807617,17,IN_TRANSIT_TO,2025-09-23 11:13:03,7702,2264,76-90-ZG,POINT (-9.119199752807617 38.76470184326172)
6026_760,7061_20250901_171_0_7,171_0,0,38.72616958618164,-9.140700340270996,0,IN_TRANSIT_TO,2025-09-23 11:13:12,,6026,BF-39-BB,POINT (-9.140700340270996 38.72616958618164)
2602_781,7756_20250901_151_0_8,151_0,1,38.72687911987305,-9.10990047454834,24,IN_TRANSIT_TO,2025-09-23 11:13:08,8314,2602,16-VF-81,POINT (-9.10990047454834 38.72687911987305)
4806_728,4621_20250901_204_0_7,204_0,1,38.71345138549805,-9.122830390930176,29,IN_TRANSIT_TO,2025-09-23 11:11:46,2114,4806,20-VQ-74,POINT (-9.122830390930176 38.71345138549805)
4826_736,18816_20250901_199_0_7,199_0,0,38.77901840209961,-9.163430213928223,22,IN_TRANSIT_TO,2025-09-23 11:12:53,5911,4826,53-VR-05,POINT (-9.163430213928223 38.77901840209961)
4830_736,5422_20250901_199_0_7,199_0,0,38.78683090209961,-9.18043041229248,30,IN_TRANSIT_TO,2025-09-23 11:01:10,15102,4830,20-VQ-63,POINT (-9.18043041229248 38.78683090209961)
2638_744,5805_20250901_200_0_6,200_0,1,38.731971740722656,-9.14603042602539,27,IN_TRANSIT_TO,2025-09-23 11:12:56,1812,2638,87-VS-48,POINT (-9.14603042602539 38.731971740722656)
6037_732,5080_20250901_107_0_5,107_0,0,38.747230529785156,-9.156900405883789,1,IN_TRANSIT_TO,2025-09-23 11:12:52,13506,6037,BG-37-LT,POINT (-9.156900405883789 38.747230529785156)
2698_776,7489_20250901_193_0_23,193_0,1,38.698219299316406,-9.226579666137695,8,IN_TRANSIT_TO,2025-09-23 11:13:02,14907,2698,92-XQ-20,POINT (-9.226579666137695 38.698219299316406)
2716_738,5512_20250901_117_0_7,117_0,0,38.71403121948242,-9.160799980163574,26,IN_TRANSIT_TO,2025-09-23 11:13:09,8104,2716,92-XQ-27,POINT (-9.160799980163574 38.71403121948242)
6025_732,5038_20250901_107_0_5,107_0,1,38.7153205871582,-9.214750289916992,2,IN_TRANSIT_TO,2025-09-23 11:13:11,10403,6025,BF-92-AX,POINT (-9.214750289916992 38.7153205871582)
2991_730,4969_20250901_198_0_9,198_0,0,38.72505187988281,-9.132399559020996,17,IN_TRANSIT_TO,2025-09-23 11:13:19,601,2991,29-VM-89,POINT (-9.132399559020996 38.72505187988281)
2704_746,5977_20250901_108_0_12,108_0,1,38.7387809753418,-9.164429664611816,17,IN_TRANSIT_TO,2025-09-23 11:13:20,1602,2704,92-XQ-18,POINT (-9.164429664611816 38.7387809753418)
283_734,5138_20250801_205_0_6,205_0,0,38.71443176269531,-9.123080253601074,16,IN_TRANSIT_TO,2025-08-07 08:52:19,2110,283,AI-49-OJ,POINT (-9.123080253601074 38.71443176269531)
6041_760,7085_20250901_171_0_6,171_0,1,38.7034797668457,-9.168700218200684,25,IN_TRANSIT_TO,2025-09-23 11:13:10,4001,6041,BG-20-LV,POINT (-9.168700218200684 38.7034797668457)
2639_759,6949_20250901_144_0_7,144_0,0,38.714168548583984,-9.139869689941406,1,IN_TRANSIT_TO,2025-09-23 11:13:00,1005,2639,75-VS-47,POINT (-9.139869689941406 38.714168548583984)
2647_722,4121_20250901_196_0_7,196_0,1,38.72574996948242,-9.150879859924316,32,IN_TRANSIT_TO,2025-09-23 11:12:56,1206,2647,75-VS-45,POINT (-9.150879859924316 38.72574996948242)
2989_730,4967_20250901_198_0_11,198_0,1,38.722599029541016,-9.141469955444336,5,IN_TRANSIT_TO,2025-09-23 11:12:58,9206,2989,29-VM-85,POINT (-9.141469955444336 38.722599029541016)
577_28E,15024_20250901_75_0_7,75_0,1,38.7122802734375,-9.155119895935059,8,IN_TRANSIT_TO,2025-09-23 11:12:47,6721,577,,POINT (-9.155119895935059 38.7122802734375)
573_18E,12202_20250901_78_0_10,78_0,1,38.70940017700195,-9.202199935913086,0,IN_TRANSIT_TO,2025-09-23 11:13:07,,573,,POINT (-9.202199935913086 38.70940017700195)
2724_711,3501_20250901_101_0_8,101_0,1,38.72740173339844,-9.192819595336914,19,IN_TRANSIT_TO,2025-09-23 11:13:12,8704,2724,92-XQ-40,POINT (-9.192819595336914 38.72740173339844)
2737_756,6761_20250901_175_0_11,175_0,1,38.712921142578125,-9.175379753112793,5,IN_TRANSIT_TO,2025-09-23 11:13:04,9411,2737,AG-45-EI,POINT (-9.175379753112793 38.712921142578125)
2611_759,6943_20250901_144_0_7,144_0,0,38.70845031738281,-9.13344955444336,5,IN_TRANSIT_TO,2025-09-23 11:13:12,4501,2611,66-VI-38,POINT (-9.13344955444336 38.70845031738281)
2721_712,3557_20250901_189_0_9,189_0,0,38.72578048706055,-9.149230003356934,17,IN_TRANSIT_TO,2025-09-23 11:13:05,1202,2721,92-XQ-37,POINT (-9.149230003356934 38.72578048706055)
2632_705,3195_20250901_176_0_8,176_0,0,38.76662826538086,-9.129369735717773,18,IN_TRANSIT_TO,2025-09-23 11:13:03,7602,2632,52-VP-88,POINT (-9.129369735717773 38.76662826538086)
548_28E,14908_20250901_75_0_6,75_0,0,38.71318054199219,-9.158720016479492,28,IN_TRANSIT_TO,2025-09-23 11:11:09,6718,548,,POINT (-9.158720016479492 38.71318054199219)
2646_708,3351_20250901_100_0_6,100_0,1,38.76350021362305,-9.116849899291992,22,IN_TRANSIT_TO,2025-09-23 11:13:04,8438,2646,75-VS-48,POINT (-9.116849899291992 38.76350021362305)
2993_774,7467_20250901_192_0_10,192_0,1,38.72105026245117,-9.16094970703125,10,IN_TRANSIT_TO,2025-09-23 11:13:01,8519,2993,29-VM-93,POINT (-9.16094970703125 38.72105026245117)
2468_767,7201_20250901_112_0_5,112_0,0,38.75001907348633,-9.195170402526855,31,IN_TRANSIT_TO,2025-09-23 11:12:53,10804,2468,16-AZ-10,POINT (-9.195170402526855 38.75001907348633)
2654_720,4066_20250901_143_0_8,143_0,1,38.73453140258789,-9.141519546508789,21,IN_TRANSIT_TO,2025-09-23 11:13:02,6502,2654,05-VZ-69,POINT (-9.141519546508789 38.73453140258789)
541_28E,15050_20250901_75_0_6,75_0,0,38.71427917480469,-9.169400215148926,34,IN_TRANSIT_TO,2025-09-23 11:12:57,8017,541,,POINT (-9.169400215148926 38.71427917480469)
501_15E,11318_20250901_76_0_9,76_0,0,38.69810104370117,-9.224419593811035,20,IN_TRANSIT_TO,2025-09-23 11:12:59,13204,501,,POINT (-9.224419593811035 38.69810104370117)
2736_735,5206_20250901_172_0_8,172_0,1,38.731170654296875,-9.127799987792969,17,IN_TRANSIT_TO,2025-09-23 11:13:07,7004,2736,AG-47-EI,POINT (-9.127799987792969 38.731170654296875)
6042_760,7098_20250901_171_0_6,171_0,1,38.71220016479492,-9.201600074768066,8,IN_TRANSIT_TO,2025-09-23 11:12:58,12910,6042,BG-97-LU,POINT (-9.201600074768066 38.71220016479492)
542_28E,14986_20250901_75_0_7,75_0,1,38.71498107910156,-9.12874984741211,26,IN_TRANSIT_TO,2025-09-23 11:13:02,14801,542,,POINT (-9.12874984741211 38.71498107910156)
2713_764,7135_20250901_168_0_9,168_0,0,38.755828857421875,-9.176630020141602,9,IN_TRANSIT_TO,2025-09-23 11:13:14,13617,2713,92-XQ-34,POINT (-9.176630020141602 38.755828857421875)
2635_717,3845_20250901_170_0_8,170_0,1,38.77436828613281,-9.152700424194336,18,IN_TRANSIT_TO,2025-09-23 11:13:02,11510,2635,52-VP-90,POINT (-9.152700424194336 38.77436828613281)
2258_726,4334_20250901_116_0_5,116_0,0,38.73965072631836,-9.151900291442871,13,IN_TRANSIT_TO,2025-09-23 11:13:02,33102,2258,53-58-ZJ,POINT (-9.151900291442871 38.73965072631836)
544_28E,14934_20250901_75_0_8,75_0,0,38.71052169799805,-9.142279624938965,20,IN_TRANSIT_TO,2025-09-23 11:13:11,10514,544,,POINT (-9.142279624938965 38.71052169799805)
2996_702,3068_20250901_146_0_16,146_0,1,38.72766876220703,-9.16178035736084,10,IN_TRANSIT_TO,2025-09-23 11:13:01,6101,2996,30-VM-03,POINT (-9.16178035736084 38.72766876220703)
2769_746,5958_20250901_108_0_11,108_0,0,38.73406982421875,-9.15392017364502,3,IN_TRANSIT_TO,2025-09-23 11:13:13,1401,2769,AH-19-ND,POINT (-9.15392017364502 38.73406982421875)
2636_742,5782_20250901_114_0_4,114_0,1,38.73509979248047,-9.146269798278809,37,IN_TRANSIT_TO,2025-09-23 11:12:59,1806,2636,87-VS-50,POINT (-9.146269798278809 38.73509979248047)
582_25E,14252_20250901_79_0_10,79_0,0,38.70777893066406,-9.15939998626709,8,IN_TRANSIT_TO,2025-09-23 11:13:16,10010,582,,POINT (-9.15939998626709 38.70777893066406)
2652_714,3627_20250901_102_0_9,102_0,0,38.697269439697266,-9.201780319213867,19,IN_TRANSIT_TO,2025-09-23 11:12:58,4112,2652,05-VZ-61,POINT (-9.201780319213867 38.697269439697266)
2626_759,6970_20250901_144_0_6,144_0,1,38.74250030517578,-9.112730026245117,26,IN_TRANSIT_TO,2025-09-23 11:13:07,3716,2626,52-VP-86,POINT (-9.112730026245117 38.74250030517578)
2620_744,5841_20250901_200_0_7,200_0,0,38.76633071899414,-9.129050254821777,17,IN_TRANSIT_TO,2025-09-23 11:13:02,7513,2620,66-VI-33,POINT (-9.129050254821777 38.76633071899414)
2621_744,5849_20250901_200_0_6,200_0,0,38.73844909667969,-9.145779609680176,7,IN_TRANSIT_TO,2025-09-23 11:12:48,1809,2621,66-VI-45,POINT (-9.145779609680176 38.73844909667969)
2622_781,7762_20250901_151_0_8,151_0,1,38.76679992675781,-9.110050201416016,12,IN_TRANSIT_TO,2025-09-23 11:12:57,7716,2622,66-VI-21,POINT (-9.110050201416016 38.76679992675781)
263_79B,18661_20250901_221_0_7,221_0,0,38.6963005065918,-9.2091703414917,8,IN_TRANSIT_TO,2025-09-23 11:13:10,13209,263,AG-26-NH,POINT (-9.2091703414917 38.6963005065918)
2649_723,4149_20250901_121_0_9,121_0,0,38.72745132446289,-9.140580177307129,1,IN_TRANSIT_TO,2025-09-23 11:13:01,9209,2649,75-VS-42,POINT (-9.140580177307129 38.72745132446289)
2656_759,6961_20250901_144_0_6,144_0,1,38.71173095703125,-9.135729789733887,44,IN_TRANSIT_TO,2025-09-23 11:12:45,4506,2656,05-VZ-53,POINT (-9.135729789733887 38.71173095703125)
2975_730,4947_20250901_198_0_10,198_0,0,38.737430572509766,-9.122779846191406,4,IN_TRANSIT_TO,2025-09-23 11:12:57,8915,2975,30-VM-11,POINT (-9.122779846191406 38.737430572509766)
2985_730,4949_20250901_198_0_9,198_0,1,38.73181915283203,-9.127880096435547,1,IN_TRANSIT_TO,2025-09-23 11:12:22,50475,2985,30-VM-14,POINT (-9.127880096435547 38.73181915283203)
2701_723,4136_20250901_121_0_9,121_0,0,38.72488021850586,-9.143969535827637,3,IN_TRANSIT_TO,2025-09-23 11:13:09,9205,2701,92-XQ-35,POINT (-9.143969535827637 38.72488021850586)
551_28E,15012_20250901_75_0_5,75_0,1,38.70872116088867,-9.139579772949219,17,IN_TRANSIT_TO,2025-09-23 11:12:59,10521,551,,POINT (-9.139579772949219 38.70872116088867)
2982_797,8161_20250901_163_8_21,163_8,1,38.73107147216797,-9.12695026397705,1,IN_TRANSIT_TO,2025-09-23 11:12:49,50116,2982,30-VM-23,POINT (-9.12695026397705 38.73107147216797)
2990_71B,45266_20250901_278_0_7,278_0,0,38.75463104248047,-9.196419715881348,27,IN_TRANSIT_TO,2025-09-23 11:12:53,10909,2990,30-VM-06,POINT (-9.196419715881348 38.75463104248047)
2976_702,3053_20250901_146_0_21,146_0,0,38.725830078125,-9.15742015838623,2,IN_TRANSIT_TO,2025-09-23 11:12:56,6127,2976,30-VM-00,POINT (-9.15742015838623 38.725830078125)
2604_705,3186_20250901_176_0_8,176_0,1,38.777099609375,-9.115920066833496,17,IN_TRANSIT_TO,2025-09-23 11:12:55,12604,2604,66-VI-32,POINT (-9.115920066833496 38.777099609375)
2634_718,3962_20250901_105_0_7,105_0,1,38.749900817871094,-9.104669570922852,24,IN_TRANSIT_TO,2025-09-23 11:12:52,2206,2634,52-VP-85,POINT (-9.104669570922852 38.749900817871094)
2663_714,3697_20240914_102_0_16,102_0,1,38.72127151489258,-9.221500396728516,4,IN_TRANSIT_TO,2024-10-22 20:26:58,18703,2663,05-VZ-62,POINT (-9.221500396728516 38.72127151489258)
2659_783,7817_20250901_203_0_8,203_0,1,38.73809814453125,-9.145919799804688,23,IN_TRANSIT_TO,2025-09-23 11:13:01,1814,2659,05-VZ-57,POINT (-9.145919799804688 38.73809814453125)
576_28E,14895_20250901_75_0_6,75_0,0,38.71097946166992,-9.14972972869873,24,IN_TRANSIT_TO,2025-09-23 11:10:43,9904,576,,POINT (-9.14972972869873 38.71097946166992)
2685_714,3640_20250901_102_0_9,102_0,0,38.70471954345703,-9.167730331420898,9,IN_TRANSIT_TO,2025-09-23 11:13:21,10210,2685,93-XA-46,POINT (-9.167730331420898 38.70471954345703)
2615_781,7737_20250901_151_0_8,151_0,0,38.70792007446289,-9.133270263671875,4,IN_TRANSIT_TO,2025-09-23 11:12:58,4505,2615,66-VI-27,POINT (-9.133270263671875 38.70792007446289)
6043_732,5076_20250901_107_0_5,107_0,0,38.72478103637695,-9.150750160217285,13,IN_TRANSIT_TO,2025-09-23 11:12:53,1212,6043,BG-93-LT,POINT (-9.150750160217285 38.72478103637695)
545_25E,14255_20250901_79_0_12,79_0,0,38.706581115722656,-9.142029762268066,3,IN_TRANSIT_TO,2025-09-23 11:13:05,3820,545,,POINT (-9.142029762268066 38.706581115722656)
580_25E,14263_20250901_79_0_11,79_0,1,38.71133041381836,-9.16094970703125,8,IN_TRANSIT_TO,2025-09-23 11:13:14,10011,580,,POINT (-9.16094970703125 38.71133041381836)
4804_728,4609_20250901_204_0_7,204_0,1,38.69807052612305,-9.204779624938965,43,IN_TRANSIT_TO,2025-09-23 11:12:52,9604,4804,53-VR-07,POINT (-9.204779624938965 38.69807052612305)
2963_774,7450_20250901_192_0_15,192_0,0,38.72264862060547,-9.161230087280273,6,IN_TRANSIT_TO,2025-09-23 11:12:59,8520,2963,29-VM-88,POINT (-9.161230087280273 38.72264862060547)
2687_764,7162_20250901_168_0_9,168_0,0,38.74542999267578,-9.218050003051758,29,IN_TRANSIT_TO,2025-09-23 11:12:44,3012,2687,93-XA-44,POINT (-9.218050003051758 38.74542999267578)
265_61B,21520_20250901_241_0_12,241_0,0,38.73802185058594,-9.16759967803955,13,IN_TRANSIT_TO,2025-09-23 11:13:09,2713,265,AG-40-OV,POINT (-9.16759967803955 38.73802185058594)
2644_722,4129_20250901_196_0_6,196_0,0,38.776119232177734,-9.11382007598877,28,IN_TRANSIT_TO,2025-09-23 11:12:57,12306,2644,87-VS-52,POINT (-9.11382007598877 38.776119232177734)
2977_774,7430_20250901_192_0_16,192_0,1,38.72357940673828,-9.147870063781738,4,IN_TRANSIT_TO,2025-09-23 11:12:52,1217,2977,30-VM-21,POINT (-9.147870063781738 38.72357940673828)
2427_703,3173_20250901_165_0_7,165_0,0,38.78187942504883,-9.15701961517334,12,IN_TRANSIT_TO,2025-09-23 11:13:18,5933,2427,29-AX-14,POINT (-9.15701961517334 38.78187942504883)
4808_751,6481_20250901_109_0_10,109_0,1,38.707279205322266,-9.173569679260254,26,IN_TRANSIT_TO,2025-09-23 11:13:21,9415,4808,20-VQ-73,POINT (-9.173569679260254 38.707279205322266)
6003_706,3235_20250901_147_0_3,147_0,1,38.713951110839844,-9.12222957611084,0,IN_TRANSIT_TO,2025-09-23 11:13:06,,6003,82-ZC-02,POINT (-9.12222957611084 38.713951110839844)
572_18E,12182_20250901_78_0_14,78_0,1,38.70201873779297,-9.18002986907959,14,IN_TRANSIT_TO,2025-09-23 11:13:05,12115,572,,POINT (-9.18002986907959 38.70201873779297)
264_76B,18630_20250901_219_0_12,219_0,0,38.7033805847168,-9.191829681396484,3,IN_TRANSIT_TO,2025-09-23 11:12:59,13401,264,AG-42-OV,POINT (-9.191829681396484 38.7033805847168)
4824_736,18817_20250901_199_0_9,199_0,0,38.7475700378418,-9.147870063781738,11,IN_TRANSIT_TO,2025-09-23 11:12:50,2011,4824,34-VR-19,POINT (-9.147870063781738 38.7475700378418)
555_24E,17842_20250901_213_0_15,213_0,1,38.713199615478516,-9.143500328063965,9,IN_TRANSIT_TO,2025-09-23 11:12:12,10602,555,,POINT (-9.143500328063965 38.713199615478516)
2974_770,7364_20250901_191_0_11,191_0,0,38.74488067626953,-9.18472957611084,6,IN_TRANSIT_TO,2025-09-23 11:13:04,10717,2974,30-VM-22,POINT (-9.18472957611084 38.74488067626953)
575_12E,11035_20250901_77_0_7,77_0,1,38.71855163574219,-9.129899978637695,15,IN_TRANSIT_TO,2025-09-23 11:11:43,14803,575,,POINT (-9.129899978637695 38.71855163574219)
2650_746,5993_20250901_108_0_7,108_0,0,38.744850158691406,-9.179969787597656,13,IN_TRANSIT_TO,2025-09-23 11:12:55,10704,2650,75-VS-50,POINT (-9.179969787597656 38.744850158691406)
2744_755,6654_20250901_118_0_8,118_0,0,38.754398345947266,-9.130220413208008,27,IN_TRANSIT_TO,2025-09-23 11:13:00,50229,2744,AG-13-TH,POINT (-9.130220413208008 38.754398345947266)
2651_723,4183_20250901_121_0_9,121_0,0,38.7098503112793,-9.215370178222656,23,IN_TRANSIT_TO,2025-09-23 11:12:01,12401,2651,05-VZ-54,POINT (-9.215370178222656 38.7098503112793)
2720_764,7166_20250901_168_0_7,168_0,0,38.744998931884766,-9.199029922485352,19,IN_TRANSIT_TO,2025-09-23 11:12:54,10818,2720,92-XQ-28,POINT (-9.199029922485352 38.744998931884766)
2983_797,8172_20250901_163_8_16,163_8,1,38.725948333740234,-9.129949569702148,3,IN_TRANSIT_TO,2025-09-23 11:13:11,9102,2983,30-VM-08,POINT (-9.129949569702148 38.725948333740234)
2742_755,6709_20250901_118_0_9,118_0,1,38.751380920410156,-9.158780097961426,6,IN_TRANSIT_TO,2025-09-23 11:12:58,13510,2742,AG-94-TG,POINT (-9.158780097961426 38.751380920410156)
2608_759,6981_20250901_144_0_8,144_0,1,38.77482986450195,-9.111550331115723,7,IN_TRANSIT_TO,2025-09-23 11:13:00,12309,2608,66-VI-39,POINT (-9.111550331115723 38.77482986450195)
2731_720,4086_20250901_143_0_9,143_0,1,38.70708084106445,-9.167530059814453,8,IN_TRANSIT_TO,2025-09-23 11:12:50,10205,2731,AG-49-EI,POINT (-9.167530059814453 38.70708084106445)
2719_748,6188_20250901_169_0_4,169_0,0,38.72434997558594,-9.161029815673828,4,IN_TRANSIT_TO,2025-09-23 11:13:04,8501,2719,92-XQ-17,POINT (-9.161029815673828 38.72434997558594)
4632_736,5359_20250901_199_0_7,199_0,0,38.7859992980957,-9.159729957580566,23,IN_TRANSIT_TO,2025-09-23 11:12:56,7203,4632,98-JO-43,POINT (-9.159729957580566 38.7859992980957)
279_734,5166_20250901_205_4_19,205_4,1,38.722679138183594,-9.131250381469727,2,IN_TRANSIT_TO,2025-09-23 11:13:00,9105,279,AI-38-FG,POINT (-9.131250381469727 38.722679138183594)
2972_79B,18671_20250901_221_0_6,221_0,0,38.69712829589844,-9.205320358276367,33,IN_TRANSIT_TO,2025-09-23 11:13:19,9610,2972,29-VM-96,POINT (-9.205320358276367 38.69712829589844)
6045_732,5062_20250901_107_0_5,107_0,0,38.70637893676758,-9.149100303649902,21,IN_TRANSIT_TO,2025-09-23 11:13:01,7102,6045,BH-32-IQ,POINT (-9.149100303649902 38.70637893676758)
2274_758,6868_20250901_150_0_7,150_0,0,38.74357986450195,-9.17549991607666,21,IN_TRANSIT_TO,2025-09-23 11:12:49,10706,2274,76-79-ZG,POINT (-9.17549991607666 38.74357986450195)
2316_749,59015_20250901_195_5_10,195_5,0,38.74773025512695,-9.123069763183594,10,IN_TRANSIT_TO,2025-09-23 11:13:12,50228,2316,61-87-ZB,POINT (-9.123069763183594 38.74773025512695)
2260_731,41474_20250901_190_0_7,190_0,0,38.75508117675781,-9.150520324707031,15,IN_TRANSIT_TO,2025-09-23 11:13:17,5712,2260,67-47-ZJ,POINT (-9.150520324707031 38.75508117675781)
2428_767,7297_20250901_112_0_6,112_0,1,38.76007843017578,-9.177020072937012,22,IN_TRANSIT_TO,2025-09-23 11:13:20,50142,2428,29-AX-13,POINT (-9.177020072937012 38.76007843017578)
2489_729,4788_20250901_104_0_7,104_0,1,38.712100982666016,-9.19909954071045,16,IN_TRANSIT_TO,2025-09-23 11:13:17,12923,2489,55-BH-05,POINT (-9.19909954071045 38.712100982666016)
2402_778,18640_20250901_179_0_14,179_0,1,38.75270080566406,-9.189669609069824,0,IN_TRANSIT_TO,2025-09-23 11:13:02,,2402,50-AL-13,POINT (-9.189669609069824 38.75270080566406)
2443_767,7250_20250901_112_0_6,112_0,0,38.73527908325195,-9.139169692993164,7,IN_TRANSIT_TO,2025-09-23 11:12:48,11108,2443,29-AX-05,POINT (-9.139169692993164 38.73527908325195)
6044_760,7044_20250901_171_0_3,171_0,0,38.71377182006836,-9.137330055236816,9,IN_TRANSIT_TO,2025-09-23 11:12:59,906,6044,BG-87-LX,POINT (-9.137330055236816 38.71377182006836)
2780_727,4537_20250901_103_0_5,103_0,1,38.725921630859375,-9.1493501663208,36,IN_TRANSIT_TO,2025-09-23 11:13:02,1207,2780,AI-06-BT,POINT (-9.1493501663208 38.725921630859375)
2785_712,3525_20250901_189_0_6,189_0,1,38.72669982910156,-9.136580467224121,20,IN_TRANSIT_TO,2025-09-23 11:12:57,615,2785,AI-05-BT,POINT (-9.136580467224121 38.72669982910156)
2994_774,7457_20250901_192_0_15,192_0,0,38.714481353759766,-9.169219970703125,0,IN_TRANSIT_TO,2025-09-23 11:12:55,,2994,29-VM-91,POINT (-9.169219970703125 38.714481353759766)
2471_729,4817_20250901_104_0_6,104_0,0,38.69667053222656,-9.22107982635498,38,IN_TRANSIT_TO,2025-09-23 11:12:59,13204,2471,74-BC-70,POINT (-9.22107982635498 38.69667053222656)
2246_726,4286_20250901_116_0_8,116_0,1,38.73828125,-9.161829948425293,19,IN_TRANSIT_TO,2025-09-23 11:12:57,1510,2246,22-38-ZB,POINT (-9.161829948425293 38.73828125)
2248_758,6848_20250901_150_0_8,150_0,1,38.74237060546875,-9.172249794006348,13,IN_TRANSIT_TO,2025-09-23 11:13:10,1615,2248,22-33-ZB,POINT (-9.172249794006348 38.74237060546875)
2304_793,7994_20250901_145_0_11,145_0,1,38.738548278808594,-9.125329971313477,6,IN_TRANSIT_TO,2025-09-23 11:12:56,8908,2304,83-10-ZM,POINT (-9.125329971313477 38.738548278808594)
2714_711,3517_20250901_101_0_7,101_0,0,38.745269775390625,-9.204230308532715,20,IN_TRANSIT_TO,2025-09-23 11:13:08,8811,2714,92-XQ-38,POINT (-9.204230308532715 38.745269775390625)
2822_753,6564_20250901_167_0_13,167_0,0,38.6944694519043,-9.17827033996582,7,IN_TRANSIT_TO,2025-09-23 11:13:02,8607,2822,BF-54-FZ,POINT (-9.17827033996582 38.6944694519043)
2286_765,7176_20250901_110_0_22,110_0,1,38.75442123413086,-9.195549964904785,9,IN_TRANSIT_TO,2025-09-23 11:13:06,10917,2286,67-42-ZJ,POINT (-9.195549964904785 38.75442123413086)
2760_727,4528_20250901_103_0_5,103_0,1,38.74797058105469,-9.13640022277832,48,IN_TRANSIT_TO,2025-09-23 11:13:19,11208,2760,AH-35-ND,POINT (-9.13640022277832 38.74797058105469)
2299_742,5788_20250901_114_0_5,114_0,1,38.712799072265625,-9.173649787902832,24,IN_TRANSIT_TO,2025-09-23 11:13:09,9406,2299,83-14-ZM,POINT (-9.173649787902832 38.712799072265625)
6013_732,5096_20250901_107_0_4,107_0,1,38.70479965209961,-9.17728042602539,21,IN_TRANSIT_TO,2025-09-23 11:12:57,12111,6013,68-ZF-53,POINT (-9.17728042602539 38.70479965209961)
2293_724,4230_20250901_178_0_13,178_0,0,38.75566864013672,-9.199469566345215,23,IN_TRANSIT_TO,2025-09-23 11:13:02,13706,2293,92-57-ZM,POINT (-9.199469566345215 38.75566864013672)
1727_742,5768_20250901_114_0_5,114_0,0,38.73332977294922,-9.132880210876465,17,IN_TRANSIT_TO,2025-09-23 11:13:10,503,1727,25-AS-39,POINT (-9.132880210876465 38.73332977294922)
2478_729,4836_20250901_104_0_5,104_0,0,38.77183151245117,-9.189900398254395,2,IN_TRANSIT_TO,2025-09-23 11:12:54,14105,2478,91-BE-80,POINT (-9.189900398254395 38.77183151245117)
1751_794,8101_20250901_115_0_8,115_0,1,38.747650146484375,-9.118399620056152,24,IN_TRANSIT_TO,2025-09-23 11:13:17,3605,1751,34-HU-17,POINT (-9.118399620056152 38.747650146484375)
2812_718,3937_20250901_105_0_10,105_0,0,38.742530822753906,-9.102319717407227,12,IN_TRANSIT_TO,2025-09-23 11:10:07,12512,2812,90-II-61,POINT (-9.102319717407227 38.742530822753906)
2496_40B,19262_20250901_212_0_9,212_0,0,38.77878189086914,-9.148870468139648,16,IN_TRANSIT_TO,2025-09-23 11:13:05,11509,2496,88-BL-70,POINT (-9.148870468139648 38.77878189086914)
2814_718,3994_20250901_105_0_8,105_0,0,38.73265075683594,-9.12992000579834,26,IN_TRANSIT_TO,2025-09-23 11:13:13,7011,2814,90-II-54,POINT (-9.12992000579834 38.73265075683594)
2815_718,3991_20250901_105_0_7,105_0,0,38.73297119140625,-9.13070011138916,27,IN_TRANSIT_TO,2025-09-23 11:13:16,501,2815,90-II-55,POINT (-9.13070011138916 38.73297119140625)
4647_728,4714_20250901_204_0_6,204_0,0,38.70793151855469,-9.133230209350586,22,IN_TRANSIT_TO,2025-09-23 11:13:09,4505,4647,02-JN-88,POINT (-9.133230209350586 38.70793151855469)
1749_794,8073_20250901_115_0_8,115_0,0,38.71125030517578,-9.126070022583008,2,IN_TRANSIT_TO,2025-09-23 11:12:39,8201,1749,92-HR-06,POINT (-9.126070022583008 38.71125030517578)
2970_72B,45275_20250901_279_0_8,279_0,0,38.75223159790039,-9.206080436706543,9,IN_TRANSIT_TO,2025-09-23 11:13:05,50386,2970,29-VM-87,POINT (-9.206080436706543 38.75223159790039)
2813_718,3978_20250901_105_0_9,105_0,1,38.73527145385742,-9.13403034210205,4,IN_TRANSIT_TO,2025-09-23 11:13:21,402,2813,90-II-53,POINT (-9.13403034210205 38.73527145385742)
1747_717,3759_20250901_170_0_8,170_0,0,38.77854919433594,-9.14186954498291,30,IN_TRANSIT_TO,2025-09-23 11:13:08,6016,1747,92-HR-04,POINT (-9.14186954498291 38.77854919433594)
2971_55B,21534_20250901_240_0_12,240_0,0,38.76652145385742,-9.184149742126465,11,IN_TRANSIT_TO,2025-09-23 11:12:58,50365,2971,29-VM-98,POINT (-9.184149742126465 38.76652145385742)
2811_718,3975_20250901_105_0_9,105_0,1,38.72446823120117,-9.117420196533203,12,IN_TRANSIT_TO,2025-09-23 11:12:49,9803,2811,02-IH-00,POINT (-9.117420196533203 38.72446823120117)
4802_751,6510_20250901_109_0_8,109_0,1,38.699928283691406,-9.22737979888916,10,IN_TRANSIT_TO,2025-09-23 11:12:57,4213,4802,77-VP-17,POINT (-9.22737979888916 38.699928283691406)
2802_26B,17510_20250901_208_0_10,208_0,1,38.76689910888672,-9.099100112915039,7,IN_TRANSIT_TO,2025-09-23 11:13:07,7825,2802,01-IH-91,POINT (-9.099100112915039 38.76689910888672)
2807_725,4255_20250901_197_0_17,197_0,0,38.774879455566406,-9.104479789733887,5,IN_TRANSIT_TO,2025-09-23 11:12:57,7908,2807,01-IH-96,POINT (-9.104479789733887 38.774879455566406)
2968_71B,45267_20250901_278_0_6,278_0,0,38.75450134277344,-9.195520401000977,28,IN_TRANSIT_TO,2025-09-23 11:12:59,10917,2968,30-VM-24,POINT (-9.195520401000977 38.75450134277344)
1748_735,5258_20250901_172_0_5,172_0,0,38.75204849243164,-9.159449577331543,31,IN_TRANSIT_TO,2025-09-23 11:12:42,5701,1748,92-HR-05,POINT (-9.159449577331543 38.75204849243164)
2453_726,4295_20250901_116_0_6,116_0,1,38.75992965698242,-9.182499885559082,8,IN_TRANSIT_TO,2025-09-23 11:12:43,12803,2453,16-AZ-13,POINT (-9.182499885559082 38.75992965698242)
2459_726,4264_20250901_116_0_9,116_0,0,38.72196960449219,-9.128780364990234,0,IN_TRANSIT_TO,2025-09-23 11:13:06,,2459,74-BC-74,POINT (-9.128780364990234 38.72196960449219)
4831_736,5399_20250901_199_0_8,199_0,1,38.77457046508789,-9.162280082702637,9,IN_TRANSIT_TO,2025-09-23 11:13:00,5908,4831,20-VQ-61,POINT (-9.162280082702637 38.77457046508789)
1753_755,6663_20250901_118_0_7,118_0,0,38.746498107910156,-9.112870216369629,12,IN_TRANSIT_TO,2025-09-23 11:13:01,3705,1753,34-HU-19,POINT (-9.112870216369629 38.746498107910156)
1750_749,6201_20250901_195_5_11,195_5,1,38.747928619384766,-9.108869552612305,7,IN_TRANSIT_TO,2025-09-23 11:13:17,2219,1750,92-HR-07,POINT (-9.108869552612305 38.747928619384766)
2761_727,4463_20250901_103_0_5,103_0,0,38.703399658203125,-9.17947006225586,30,IN_TRANSIT_TO,2025-09-23 11:12:52,12121,2761,AH-33-ND,POINT (-9.17947006225586 38.703399658203125)
1752_717,3781_20250901_170_0_6,170_0,0,38.764869689941406,-9.157119750976562,17,IN_TRANSIT_TO,2025-09-23 11:12:50,5811,1752,34-HU-18,POINT (-9.157119750976562 38.764869689941406)
2820_725,4239_20250901_197_0_17,197_0,0,38.7912712097168,-9.12108039855957,15,IN_TRANSIT_TO,2025-09-23 11:00:48,50180,2820,90-II-60,POINT (-9.12108039855957 38.7912712097168)
2455_767,7286_20250901_112_0_6,112_0,1,38.749481201171875,-9.142120361328125,34,IN_TRANSIT_TO,2025-09-23 11:13:03,204,2455,16-AZ-12,POINT (-9.142120361328125 38.749481201171875)
2700_711,3454_20250901_101_0_8,101_0,0,38.71601867675781,-9.141650199890137,5,IN_TRANSIT_TO,2025-09-23 11:12:49,1003,2700,92-XQ-26,POINT (-9.141650199890137 38.71601867675781)
2311_708,3276_20250901_100_0_8,100_0,0,38.79100036621094,-9.099419593811035,37,IN_TRANSIT_TO,2025-09-23 11:12:53,50340,2311,72-23-XN,POINT (-9.099419593811035 38.79100036621094)
2280_771,21940_20250901_248_0_10,248_0,0,38.73781967163086,-9.168549537658691,3,IN_TRANSIT_TO,2025-09-23 11:13:17,2712,2280,67-40-ZJ,POINT (-9.168549537658691 38.73781967163086)
2794_714,3689_20250901_102_0_6,102_0,1,38.6973991394043,-9.204000473022461,20,IN_TRANSIT_TO,2025-09-23 11:13:03,9607,2794,AJ-60-LI,POINT (-9.204000473022461 38.6973991394043)
4608_728,4569_20250901_204_0_6,204_0,0,38.70627975463867,-9.14507007598877,18,IN_TRANSIT_TO,2025-09-23 11:12:58,7101,4608,96-GL-85,POINT (-9.14507007598877 38.70627975463867)
302_722,4107_20250901_196_0_7,196_0,0,38.76485061645508,-9.12932014465332,20,IN_TRANSIT_TO,2025-09-23 11:12:55,7511,302,22-SP-89,POINT (-9.12932014465332 38.76485061645508)
2425_716,3744_20250901_164_0_10,164_0,1,38.738670349121094,-9.158249855041504,17,IN_TRANSIT_TO,2025-09-23 11:13:18,1508,2425,29-AU-20,POINT (-9.158249855041504 38.738670349121094)
2278_747,6119_20250901_177_0_10,177_0,0,38.76462173461914,-9.177069664001465,10,IN_TRANSIT_TO,2025-09-23 11:12:59,50021,2278,67-41-ZJ,POINT (-9.177069664001465 38.76462173461914)
2756_727,4485_20250901_103_0_6,103_0,0,38.70943069458008,-9.153169631958008,21,IN_TRANSIT_TO,2025-09-23 11:12:23,7104,2756,AH-27-ND,POINT (-9.153169631958008 38.70943069458008)
2450_716,3753_20250901_164_0_11,164_0,0,38.75008010864258,-9.202949523925781,24,IN_TRANSIT_TO,2025-09-23 11:12:59,10921,2450,44-BC-36,POINT (-9.202949523925781 38.75008010864258)
301_722,4127_20250901_196_0_8,196_0,1,38.770721435546875,-9.128199577331543,15,IN_TRANSIT_TO,2025-09-23 11:13:14,7604,301,74-SM-62,POINT (-9.128199577331543 38.770721435546875)
2483_729,4825_20250901_104_0_5,104_0,0,38.73360061645508,-9.198419570922852,20,IN_TRANSIT_TO,2025-09-23 11:12:52,8838,2483,74-BC-66,POINT (-9.198419570922852 38.73360061645508)
2499_794,8043_20250901_115_0_8,115_0,0,38.74977111816406,-9.10534954071045,32,IN_TRANSIT_TO,2025-09-23 11:13:03,2220,2499,03-BM-58,POINT (-9.10534954071045 38.74977111816406)
2300_793,7973_20250901_145_0_11,145_0,0,38.739349365234375,-9.106579780578613,1,IN_TRANSIT_TO,2025-09-23 11:13:16,12522,2300,83-13-ZM,POINT (-9.106579780578613 38.739349365234375)
1721_701,2939_20250901_123_0_12,123_0,0,38.74774932861328,-9.152549743652344,6,IN_TRANSIT_TO,2025-09-23 11:12:49,2007,1721,25-AS-33,POINT (-9.152549743652344 38.74774932861328)
1775_735,5283_20250901_172_0_7,172_0,0,38.712650299072266,-9.123749732971191,5,IN_TRANSIT_TO,2025-09-23 11:12:47,8201,1775,53-HX-08,POINT (-9.123749732971191 38.712650299072266)
1773_717,3879_20250901_170_0_8,170_0,0,38.79254913330078,-9.150300025939941,37,IN_TRANSIT_TO,2025-09-23 11:13:12,11608,1773,53-HX-06,POINT (-9.150300025939941 38.79254913330078)
2759_727,4454_20250901_103_0_4,103_0,0,38.69778060913086,-9.204500198364258,37,IN_TRANSIT_TO,2025-09-23 11:13:18,9604,2759,AH-21-ND,POINT (-9.204500198364258 38.69778060913086)
1705_796,8127_20250901_174_0_19,174_0,0,38.761131286621094,-9.157270431518555,0,IN_TRANSIT_TO,2025-09-23 11:13:13,,1705,69-AL-68,POINT (-9.157270431518555 38.761131286621094)
2745_756,6748_20250901_175_0_12,175_0,0,38.73830032348633,-9.124670028686523,3,IN_TRANSIT_TO,2025-09-23 11:13:09,8905,2745,AG-06-TH,POINT (-9.124670028686523 38.73830032348633)
2754_720,4100_20250901_143_0_9,143_0,0,38.72024917602539,-9.154000282287598,16,IN_TRANSIT_TO,2025-09-23 11:13:01,6806,2754,AG-01-TH,POINT (-9.154000282287598 38.72024917602539)
2243_768,7347_20250901_111_0_7,111_0,0,38.761680603027344,-9.196579933166504,20,IN_TRANSIT_TO,2025-09-23 10:59:04,13904,2243,22-36-ZB,POINT (-9.196579933166504 38.761680603027344)
1770_735,5191_20250901_172_0_6,172_0,1,38.710018157958984,-9.128430366516113,30,IN_TRANSIT_TO,2025-09-23 11:12:54,8204,1770,63-HX-17,POINT (-9.128430366516113 38.710018157958984)
1710_798,8190_20250901_194_0_14,194_0,1,38.777278900146484,-9.146470069885254,9,IN_TRANSIT_TO,2025-09-23 11:12:57,11509,1710,69-AL-73,POINT (-9.146470069885254 38.777278900146484)
1713_701,2947_20250901_123_0_8,123_0,1,38.75775146484375,-9.153149604797363,28,IN_TRANSIT_TO,2025-09-23 11:12:54,5705,1713,69-AL-76,POINT (-9.153149604797363 38.75775146484375)
2252_768,7335_20250901_111_0_10,111_0,1,38.750030517578125,-9.158699989318848,22,IN_TRANSIT_TO,2025-09-23 11:13:12,13509,2252,80-40-ZE,POINT (-9.158699989318848 38.750030517578125)
2413_767,7272_20250901_112_0_6,112_0,1,38.724449157714844,-9.140069961547852,0,IN_TRANSIT_TO,2025-09-23 11:12:57,,2413,92-AO-50,POINT (-9.140069961547852 38.724449157714844)
403_10B,21749_20250901_242_0_13,242_0,0,38.70989990234375,-9.135049819946289,2,IN_TRANSIT_TO,2025-09-23 11:13:17,5603,403,BF-84-TA,POINT (-9.135049819946289 38.70989990234375)
2482_778,18644_20250901_179_0_10,179_0,0,38.762451171875,-9.170729637145996,6,IN_TRANSIT_TO,2025-09-23 11:13:16,50007,2482,55-BH-02,POINT (-9.170729637145996 38.762451171875)
1780_717,3863_20250901_170_0_8,170_0,1,38.78395080566406,-9.142780303955078,10,IN_TRANSIT_TO,2025-09-23 11:13:12,6009,1780,63-HX-18,POINT (-9.142780303955078 38.78395080566406)
1769_755,6694_20250901_118_0_9,118_0,1,38.743019104003906,-9.112750053405762,32,IN_TRANSIT_TO,2025-09-23 11:13:18,3706,1769,63-HX-24,POINT (-9.112750053405762 38.743019104003906)
1768_717,3825_20250901_170_0_5,170_0,1,38.755130767822266,-9.153349876403809,26,IN_TRANSIT_TO,2025-09-23 11:12:51,5806,1768,63-HX-23,POINT (-9.153349876403809 38.755130767822266)
2768_709,3384_20250901_148_0_15,148_0,1,38.71548080444336,-9.164179801940918,3,IN_TRANSIT_TO,2025-09-23 11:13:20,8001,2768,AH-25-ND,POINT (-9.164179801940918 38.71548080444336)
1759_717,3800_20250901_170_0_9,170_0,0,38.76097869873047,-9.157270431518555,16,IN_TRANSIT_TO,2025-09-23 11:12:57,5807,1759,34-HU-25,POINT (-9.157270431518555 38.76097869873047)
2487_726,4350_20250901_116_0_7,116_0,0,38.73337936401367,-9.141200065612793,8,IN_TRANSIT_TO,2025-09-23 11:12:52,6502,2487,54-BH-97,POINT (-9.141200065612793 38.73337936401367)
1757_717,3822_20250901_170_0_8,170_0,1,38.734371185302734,-9.134129524230957,39,IN_TRANSIT_TO,2025-09-23 11:13:16,410,1757,34-HU-23,POINT (-9.134129524230957 38.734371185302734)
1762_735,5275_20250901_172_0_7,172_0,0,38.7423210144043,-9.134220123291016,0,IN_TRANSIT_TO,2025-09-23 11:13:19,,1762,63-HX-32,POINT (-9.134220123291016 38.7423210144043)
2433_703,3124_20250901_165_0_8,165_0,1,38.76332092285156,-9.180569648742676,15,IN_TRANSIT_TO,2025-09-23 11:13:15,12834,2433,44-BC-28,POINT (-9.180569648742676 38.76332092285156)
2239_758,6831_20250901_150_0_7,150_0,1,38.7376708984375,-9.16847038269043,15,IN_TRANSIT_TO,2025-09-23 11:12:56,2712,2239,06-30-XX,POINT (-9.16847038269043 38.7376708984375)
2344_768,7319_20250901_111_0_11,111_0,0,38.76060104370117,-9.194580078125,18,IN_TRANSIT_TO,2025-09-23 11:13:14,12814,2344,53-60-ZJ,POINT (-9.194580078125 38.76060104370117)
2322_708,3298_20250901_100_0_5,100_0,0,38.740150451660156,-9.133480072021484,9,IN_TRANSIT_TO,2025-09-23 11:13:16,411,2322,67-46-ZJ,POINT (-9.133480072021484 38.740150451660156)
2774_738,5535_20250901_117_0_6,117_0,0,38.725868225097656,-9.15071964263916,21,IN_TRANSIT_TO,2025-09-23 11:12:52,1206,2774,AH-22-ND,POINT (-9.15071964263916 38.725868225097656)
2469_729,4810_20250901_104_0_6,104_0,1,38.698280334472656,-9.225069999694824,2,IN_TRANSIT_TO,2025-09-23 11:12:35,4209,2469,16-AZ-09,POINT (-9.225069999694824 38.698280334472656)
2747_755,6702_20250901_118_0_9,118_0,1,38.75212097167969,-9.12339973449707,17,IN_TRANSIT_TO,2025-09-23 11:13:10,14725,2747,AG-09-TH,POINT (-9.12339973449707 38.75212097167969)
1771_794,8067_20250901_115_0_8,115_0,0,38.74652862548828,-9.119330406188965,15,IN_TRANSIT_TO,2025-09-23 11:13:17,3608,1771,63-HX-27,POINT (-9.119330406188965 38.74652862548828)
1772_794,8108_20250901_115_0_9,115_0,1,38.755821228027344,-9.113630294799805,10,IN_TRANSIT_TO,2025-09-23 11:13:18,24367,1772,63-HX-22,POINT (-9.113630294799805 38.755821228027344)
1779_755,6632_20250901_118_0_5,118_0,0,38.756099700927734,-9.147769927978516,34,IN_TRANSIT_TO,2025-09-23 11:13:09,11321,1779,63-HX-20,POINT (-9.147769927978516 38.756099700927734)
2772_727,4536_20250901_103_0_5,103_0,1,38.74773025512695,-9.147950172424316,43,IN_TRANSIT_TO,2025-09-23 11:12:52,2022,2772,AH-24-ND,POINT (-9.147950172424316 38.74773025512695)
2467_767,7308_20250901_112_0_6,112_0,1,38.75004959106445,-9.221630096435547,1,IN_TRANSIT_TO,2025-09-23 11:13:14,50335,2467,16-AZ-14,POINT (-9.221630096435547 38.75004959106445)
2823_753,6573_20250901_167_0_13,167_0,0,38.727481842041016,-9.145879745483398,2,IN_TRANSIT_TO,2025-09-23 11:13:07,6602,2823,BF-64-FZ,POINT (-9.145879745483398 38.727481842041016)
2497_720,4094_20250901_143_0_9,143_0,0,38.70466995239258,-9.176779747009277,26,IN_TRANSIT_TO,2025-09-23 11:12:50,12102,2497,88-BL-71,POINT (-9.176779747009277 38.70466995239258)
2775_713,3576_20250901_122_0_9,122_0,0,38.737579345703125,-9.143529891967773,3,IN_TRANSIT_TO,2025-09-23 11:13:04,11118,2775,AH-31-ND,POINT (-9.143529891967773 38.737579345703125)
2336_712,3541_20250901_189_0_9,189_0,1,38.72549819946289,-9.163069725036621,10,IN_TRANSIT_TO,2025-09-23 11:12:56,8508,2336,53-63-ZJ,POINT (-9.163069725036621 38.72549819946289)
2449_767,7294_20250901_112_0_6,112_0,1,38.761600494384766,-9.16510009765625,26,IN_TRANSIT_TO,2025-09-23 11:13:13,50014,2449,44-BC-35,POINT (-9.16510009765625 38.761600494384766)
1719_701,2960_20250901_123_0_7,123_0,1,38.753570556640625,-9.174530029296875,16,IN_TRANSIT_TO,2025-09-23 11:12:54,13617,1719,25-AS-31,POINT (-9.174530029296875 38.753570556640625)
2269_758,6885_20250901_150_0_9,150_0,0,38.717529296875,-9.150670051574707,6,IN_TRANSIT_TO,2025-09-23 11:13:05,10605,2269,76-88-ZG,POINT (-9.150670051574707 38.717529296875)
2465_767,7223_20250901_112_0_5,112_0,0,38.76036834716797,-9.184029579162598,27,IN_TRANSIT_TO,2025-09-23 11:12:56,12804,2465,55-BH-00,POINT (-9.184029579162598 38.76036834716797)
1715_701,2978_20250901_123_0_11,123_0,1,38.728599548339844,-9.162429809570312,7,IN_TRANSIT_TO,2025-09-23 11:13:14,6104,1715,69-AL-78,POINT (-9.162429809570312 38.728599548339844)
1777_717,3803_20250901_170_0_9,170_0,0,38.745601654052734,-9.131199836730957,4,IN_TRANSIT_TO,2025-09-23 11:13:09,311,1777,63-HX-31,POINT (-9.131199836730957 38.745601654052734)
2307_793,8019_20250901_145_0_10,145_0,0,38.74789810180664,-9.108380317687988,18,IN_TRANSIT_TO,2025-09-23 11:12:55,2211,2307,83-20-ZM,POINT (-9.108380317687988 38.74789810180664)
2271_767,7228_20250901_112_0_5,112_0,0,38.759300231933594,-9.154749870300293,18,IN_TRANSIT_TO,2025-09-23 11:12:55,5805,2271,92-54-ZM,POINT (-9.154749870300293 38.759300231933594)
1776_717,3844_20250901_170_0_8,170_0,1,38.75463104248047,-9.151920318603516,27,IN_TRANSIT_TO,2025-09-23 11:13:04,5706,1776,53-HX-09,POINT (-9.151920318603516 38.75463104248047)
1761_756,6730_20250901_175_0_9,175_0,0,38.74106979370117,-9.148380279541016,11,IN_TRANSIT_TO,2025-09-23 11:12:56,1914,1761,63-HX-19,POINT (-9.148380279541016 38.74106979370117)
4605_750,6421_20250901_106_0_7,106_0,0,38.711029052734375,-9.226180076599121,35,IN_TRANSIT_TO,2025-09-23 11:12:58,14311,4605,31-GN-72,POINT (-9.226180076599121 38.711029052734375)
2306_793,8007_20250901_145_0_11,145_0,1,38.74546813964844,-9.135600090026855,0,IN_TRANSIT_TO,2025-09-23 11:13:08,,2306,83-19-ZM,POINT (-9.135600090026855 38.74546813964844)
1712_798,8202_20250901_194_0_15,194_0,0,38.75934982299805,-9.156550407409668,0,IN_TRANSIT_TO,2025-09-23 11:13:08,,1712,69-AL-75,POINT (-9.156550407409668 38.75934982299805)
225_773,7416_20250901_124_0_15,124_0,0,38.72037887573242,-9.153630256652832,0,IN_TRANSIT_TO,2025-09-23 11:13:08,,225,84-37-XQ,POINT (-9.153630256652832 38.72037887573242)
601_15E,11254_20250901_76_0_8,76_0,1,38.70642852783203,-9.151849746704102,18,IN_TRANSIT_TO,2025-09-23 11:12:59,3901,601,,POINT (-9.151849746704102 38.70642852783203)
605_15E,11238_20250901_76_0_6,76_0,1,38.711029052734375,-9.136919975280762,23,IN_TRANSIT_TO,2025-09-23 11:13:11,50621,605,,POINT (-9.136919975280762 38.711029052734375)
2240_758,6815_20250901_150_0_8,150_0,1,38.72026824951172,-9.155570030212402,25,IN_TRANSIT_TO,2025-09-23 11:12:52,6813,2240,06-31-XX,POINT (-9.155570030212402 38.72026824951172)
2297_724,4191_20250901_178_0_10,178_0,1,38.73167037963867,-9.203499794006348,18,IN_TRANSIT_TO,2025-09-23 11:13:22,8849,2297,83-06-ZM,POINT (-9.203499794006348 38.73167037963867)
2791_764,7158_20250901_168_0_9,168_0,1,38.74507141113281,-9.200849533081055,14,IN_TRANSIT_TO,2025-09-23 11:13:09,8813,2791,AJ-61-LI,POINT (-9.200849533081055 38.74507141113281)
2426_747,6101_20250901_177_0_10,177_0,1,38.77088165283203,-9.193750381469727,3,IN_TRANSIT_TO,2025-09-23 11:13:05,14110,2426,29-AU-21,POINT (-9.193750381469727 38.77088165283203)
2838_728,4724_20250901_204_4_4,204_4,0,38.69736862182617,-9.20365047454834,0,IN_TRANSIT_TO,2025-09-23 11:13:10,,2838,BF-59-FZ,POINT (-9.20365047454834 38.69736862182617)
2401_767,7305_20250901_112_0_6,112_0,1,38.753780364990234,-9.196149826049805,12,IN_TRANSIT_TO,2025-09-23 11:13:13,10909,2401,50-AL-14,POINT (-9.196149826049805 38.753780364990234)
2485_729,4779_20250901_104_0_5,104_0,1,38.749900817871094,-9.20322036743164,28,IN_TRANSIT_TO,2025-09-23 11:13:14,10920,2485,91-BE-77,POINT (-9.20322036743164 38.749900817871094)
2408_747,6110_20250901_177_0_10,177_0,0,38.761199951171875,-9.197030067443848,21,IN_TRANSIT_TO,2025-09-23 11:13:03,13907,2408,50-AL-08,POINT (-9.197030067443848 38.761199951171875)
228_773,7408_20250901_124_0_15,124_0,0,38.715030670166016,-9.15077018737793,6,IN_TRANSIT_TO,2025-09-23 11:13:05,6716,228,84-39-XQ,POINT (-9.15077018737793 38.715030670166016)
2474_729,4757_20250901_104_0_7,104_0,1,38.7694206237793,-9.189229965209961,42,IN_TRANSIT_TO,2025-09-23 11:13:06,14106,2474,74-BC-67,POINT (-9.189229965209961 38.7694206237793)
2303_708,3347_20250901_100_0_5,100_0,1,38.73099899291992,-9.134499549865723,38,IN_TRANSIT_TO,2025-09-23 11:13:08,506,2303,83-11-ZM,POINT (-9.134499549865723 38.73099899291992)
2748_708,3365_20250901_100_0_8,100_0,0,38.79573059082031,-9.096969604492188,39,IN_TRANSIT_TO,2025-09-23 11:12:55,50303,2748,AG-96-TG,POINT (-9.096969604492188 38.79573059082031)
2283_799,8211_20250901_120_0_12,120_0,0,38.7452507019043,-9.202899932861328,8,IN_TRANSIT_TO,2025-09-23 11:13:02,2806,2283,67-39-ZJ,POINT (-9.202899932861328 38.7452507019043)
4840_736,5319_20250901_199_0_9,199_0,0,38.71548080444336,-9.141220092773438,1,IN_TRANSIT_TO,2025-09-23 11:13:04,901,4840,45-VX-93,POINT (-9.141220092773438 38.71548080444336)
2481_729,4828_20250901_104_0_6,104_0,0,38.75082015991211,-9.198699951171875,13,IN_TRANSIT_TO,2025-09-23 11:13:19,10906,2481,54-BH-99,POINT (-9.198699951171875 38.75082015991211)
1720_798,8198_20250901_194_0_16,194_0,1,38.762821197509766,-9.153400421142578,20,IN_TRANSIT_TO,2025-09-16 12:50:16,5833,1720,25-AS-32,POINT (-9.153400421142578 38.762821197509766)
2941_29B,17534_20250901_209_0_8,209_0,0,38.77402114868164,-9.119279861450195,22,IN_TRANSIT_TO,2025-09-23 11:12:50,50347,2941,51-GL-81,POINT (-9.119279861450195 38.77402114868164)
2289_724,4222_20250901_178_0_11,178_0,0,38.76089859008789,-9.196629524230957,26,IN_TRANSIT_TO,2025-09-23 11:13:12,13711,2289,92-60-ZM,POINT (-9.196629524230957 38.76089859008789)
2451_716,3747_20250901_164_0_12,164_0,1,38.74715042114258,-9.188630104064941,7,IN_TRANSIT_TO,2025-09-23 11:12:50,10821,2451,75-AQ-16,POINT (-9.188630104064941 38.74715042114258)
2792_712,3550_20250901_189_0_9,189_0,0,38.71501922607422,-9.173680305480957,26,IN_TRANSIT_TO,2025-09-23 11:13:03,9301,2792,AJ-53-LI,POINT (-9.173680305480957 38.71501922607422)
2434_703,3175_20250901_165_0_9,165_0,0,38.7871208190918,-9.142069816589355,3,IN_TRANSIT_TO,2025-09-23 11:12:57,6008,2434,29-AU-24,POINT (-9.142069816589355 38.7871208190918)
1723_701,2987_20250901_123_0_12,123_0,0,38.73929977416992,-9.168049812316895,20,IN_TRANSIT_TO,2025-09-23 11:13:13,1610,1723,25-AS-35,POINT (-9.168049812316895 38.73929977416992)
260_734,5164_20250901_205_4_19,205_4,1,38.719451904296875,-9.135600090026855,7,IN_TRANSIT_TO,2025-09-23 11:13:05,704,260,AG-79-EF,POINT (-9.135600090026855 38.719451904296875)
2840_728,4698_20250901_204_0_4,204_0,0,38.74720001220703,-9.099379539489746,35,IN_TRANSIT_TO,2025-09-23 11:13:08,50338,2840,BF-75-FZ,POINT (-9.099379539489746 38.74720001220703)
2751_720,4044_20250901_143_0_9,143_0,0,38.73884963989258,-9.120349884033203,0,IN_TRANSIT_TO,2025-09-23 11:12:20,,2751,AG-12-TH,POINT (-9.120349884033203 38.73884963989258)
2249_758,6860_20250901_150_0_7,150_0,0,38.753421783447266,-9.208470344543457,31,IN_TRANSIT_TO,2025-09-23 11:13:09,11006,2249,22-32-ZB,POINT (-9.208470344543457 38.753421783447266)
2438_778,7529_20250901_179_0_12,179_0,1,38.7711181640625,-9.168950080871582,11,IN_TRANSIT_TO,2025-09-23 11:13:19,50093,2438,44-BC-29,POINT (-9.168950080871582 38.7711181640625)
6029_706,3241_20250901_147_0_8,147_0,0,38.730018615722656,-9.136850357055664,18,IN_TRANSIT_TO,2025-09-23 11:13:16,611,6029,BF-52-AX,POINT (-9.136850357055664 38.730018615722656)
2276_768,7341_20250901_111_0_11,111_0,1,38.74372863769531,-9.176079750061035,17,IN_TRANSIT_TO,2025-09-23 11:12:51,10705,2276,53-57-ZJ,POINT (-9.176079750061035 38.74372863769531)
2418_747,6079_20250901_177_0_10,177_0,1,38.76422119140625,-9.15703010559082,20,IN_TRANSIT_TO,2025-09-23 11:13:20,5814,2418,92-AO-54,POINT (-9.15703010559082 38.76422119140625)
2466_726,4317_20250901_116_0_7,116_0,0,38.74991989135742,-9.172599792480469,20,IN_TRANSIT_TO,2025-09-23 11:13:12,12709,2466,16-AZ-16,POINT (-9.172599792480469 38.74991989135742)
4834_736,5351_20250901_199_0_8,199_0,1,38.734771728515625,-9.145099639892578,22,IN_TRANSIT_TO,2025-09-23 11:13:02,1814,4834,20-VQ-71,POINT (-9.145099639892578 38.734771728515625)
2843_728,4661_20250901_204_0_5,204_0,1,38.76802062988281,-9.09784984588623,9,IN_TRANSIT_TO,2025-09-23 11:13:06,7805,2843,BF-63-FZ,POINT (-9.09784984588623 38.76802062988281)
2296_724,4236_20250901_178_0_11,178_0,0,38.72623062133789,-9.19616985321045,8,IN_TRANSIT_TO,2025-09-23 11:13:01,8713,2296,92-51-ZM,POINT (-9.19616985321045 38.72623062133789)
2770_723,4182_20250901_121_0_6,121_0,0,38.71636962890625,-9.200650215148926,13,IN_TRANSIT_TO,2025-09-23 11:12:53,21303,2770,AH-30-ND,POINT (-9.200650215148926 38.71636962890625)
2209_796,8113_20250901_174_0_13,174_0,0,38.789981842041016,-9.15762996673584,10,IN_TRANSIT_TO,2025-09-23 11:13:17,11618,2209,01-68-XO,POINT (-9.15762996673584 38.789981842041016)
564_28E,14920_20250901_75_0_8,75_0,0,38.711448669433594,-9.153180122375488,26,IN_TRANSIT_TO,2025-09-23 11:12:36,6722,564,,POINT (-9.153180122375488 38.711448669433594)
2235_731,4974_20250901_190_0_5,190_0,0,38.74039840698242,-9.167320251464844,2,IN_TRANSIT_TO,2025-09-23 11:13:09,1621,2235,06-32-XX,POINT (-9.167320251464844 38.74039840698242)
2210_735,5232_20250901_172_0_8,172_0,1,38.74961853027344,-9.142219543457031,8,IN_TRANSIT_TO,2025-09-23 11:12:58,204,2210,01-66-XO,POINT (-9.142219543457031 38.74961853027344)
2217_742,5676_20250901_114_0_5,114_0,1,38.70492172241211,-9.196200370788574,13,IN_TRANSIT_TO,2025-09-23 11:12:57,13305,2217,07-99-XS,POINT (-9.196200370788574 38.70492172241211)
2215_742,5759_20250901_114_0_7,114_0,0,38.73802185058594,-9.14087963104248,21,IN_TRANSIT_TO,2025-09-23 11:12:57,11107,2215,08-01-XS,POINT (-9.14087963104248 38.73802185058594)
614_15E,11186_20250901_76_0_7,76_0,0,38.6976203918457,-9.193079948425293,14,IN_TRANSIT_TO,2025-09-23 11:13:15,9508,614,,POINT (-9.193079948425293 38.6976203918457)
2205_742,5666_20250901_114_0_6,114_0,1,38.703128814697266,-9.181719779968262,18,IN_TRANSIT_TO,2025-09-23 11:13:00,12005,2205,01-71-XO,POINT (-9.181719779968262 38.703128814697266)
2203_735,5267_20250901_172_0_7,172_0,0,38.75022888183594,-9.142470359802246,26,IN_TRANSIT_TO,2025-09-23 11:12:57,203,2203,72-19-XN,POINT (-9.142470359802246 38.75022888183594)
2208_708,3289_20250901_100_0_8,100_0,0,38.765281677246094,-9.114279747009277,22,IN_TRANSIT_TO,2025-09-23 11:13:12,8443,2208,01-69-XO,POINT (-9.114279747009277 38.765281677246094)
2206_708,3358_20250901_100_0_7,100_0,1,38.76742172241211,-9.102319717407227,15,IN_TRANSIT_TO,2025-09-23 11:13:09,7825,2206,01-67-XO,POINT (-9.102319717407227 38.76742172241211)
2220_742,5687_20250901_114_0_8,114_0,1,38.71382141113281,-9.201129913330078,1,IN_TRANSIT_TO,2025-09-23 11:13:15,10315,2220,07-96-XS,POINT (-9.201129913330078 38.71382141113281)
6002_706,3202_20250901_147_0_7,147_0,1,38.732421875,-9.134329795837402,14,IN_TRANSIT_TO,2025-09-23 11:13:02,506,6002,98-XU-85,POINT (-9.134329795837402 38.732421875)
2712_764,7151_20250901_168_0_7,168_0,1,38.75210189819336,-9.189220428466797,19,IN_TRANSIT_TO,2025-09-23 11:13:01,10807,2712,92-XQ-33,POINT (-9.189220428466797 38.75210189819336)
2223_783,7857_20250901_203_0_7,203_0,0,38.73162078857422,-9.146050453186035,6,IN_TRANSIT_TO,2025-09-23 11:13:13,1703,2223,08-16-XS,POINT (-9.146050453186035 38.73162078857422)
229_773,20155_20250901_124_0_14,124_0,1,38.70471954345703,-9.168669700622559,3,IN_TRANSIT_TO,2025-09-23 11:13:17,10207,229,97-24-XT,POINT (-9.168669700622559 38.70471954345703)
561_28E,14946_20250901_75_0_4,75_0,0,38.712249755859375,-9.130430221557617,13,IN_TRANSIT_TO,2025-09-23 11:11:52,13812,561,,POINT (-9.130430221557617 38.712249755859375)
412_19B,62308_20250901_245_0_6,245_0,0,38.72346878051758,-9.14264965057373,2,IN_TRANSIT_TO,2025-09-23 11:12:25,9205,412,BF-65-TC,POINT (-9.14264965057373 38.72346878051758)
566_24E,17832_20250901_213_0_14,213_0,0,38.7242317199707,-9.159749984741211,9,IN_TRANSIT_TO,2025-09-23 11:13:00,50362,566,,POINT (-9.159749984741211 38.7242317199707)
2226_742,5747_20250901_114_0_7,114_0,0,38.73371887207031,-9.154549598693848,25,IN_TRANSIT_TO,2025-09-23 11:12:57,1413,2226,06-35-XX,POINT (-9.154549598693848 38.73371887207031)
2228_742,5777_20250901_114_0_5,114_0,1,38.731380462646484,-9.110980033874512,54,IN_TRANSIT_TO,2025-09-23 11:12:58,8317,2228,06-24-XX,POINT (-9.110980033874512 38.731380462646484)
2222_742,5720_20250901_114_0_7,114_0,0,38.70283126831055,-9.181269645690918,41,IN_TRANSIT_TO,2025-09-23 11:12:51,12112,2222,08-17-XS,POINT (-9.181269645690918 38.70283126831055)
562_12E,11025_20250901_77_0_8,77_0,0,38.70806884765625,-9.141969680786133,11,IN_TRANSIT_TO,2025-09-23 11:12:21,10518,562,,POINT (-9.141969680786133 38.70806884765625)
4615_728,4706_20250901_204_0_6,204_0,0,38.75210189819336,-9.095620155334473,37,IN_TRANSIT_TO,2025-09-23 11:12:58,2202,4615,22-GP-49,POINT (-9.095620155334473 38.75210189819336)
560_25E,14260_20250901_79_0_11,79_0,1,38.708580017089844,-9.135970115661621,18,IN_TRANSIT_TO,2025-09-23 11:12:07,5512,560,,POINT (-9.135970115661621 38.708580017089844)
565_28E,14960_20250901_75_0_6,75_0,0,38.71622085571289,-9.133529663085938,1,IN_TRANSIT_TO,2025-09-23 11:12:57,819,565,,POINT (-9.133529663085938 38.71622085571289)
2231_771,21928_20250901_248_0_10,248_0,1,38.70307922363281,-9.194499969482422,0,IN_TRANSIT_TO,2025-09-23 11:12:59,,2231,06-28-XX,POINT (-9.194499969482422 38.70307922363281)
2232_731,5018_20250901_190_0_5,190_0,1,38.78371810913086,-9.11340045928955,5,IN_TRANSIT_TO,2025-09-23 11:13:11,12610,2232,06-23-XX,POINT (-9.11340045928955 38.78371810913086)
2237_758,6869_20250901_150_0_9,150_0,0,38.74491882324219,-9.18019962310791,22,IN_TRANSIT_TO,2025-09-23 11:13:20,10704,2237,06-27-XX,POINT (-9.18019962310791 38.74491882324219)
230_773,7378_20250901_124_0_16,124_0,1,38.710819244384766,-9.170530319213867,7,IN_TRANSIT_TO,2025-09-23 11:13:18,9422,230,13-33-XZ,POINT (-9.170530319213867 38.710819244384766)
2234_758,6889_20250901_150_0_9,150_0,0,38.710121154785156,-9.143070220947266,2,IN_TRANSIT_TO,2025-09-23 11:12:58,3825,2234,06-26-XX,POINT (-9.143070220947266 38.710121154785156)
6027_760,7081_20250901_171_0_8,171_0,1,38.712730407714844,-9.136269569396973,33,IN_TRANSIT_TO,2025-09-23 11:13:04,913,6027,BF-66-BA,POINT (-9.136269569396973 38.712730407714844)
2242_799,8222_20250901_120_0_9,120_0,1,38.7418212890625,-9.213549613952637,11,IN_TRANSIT_TO,2025-09-23 11:12:59,18109,2242,22-42-ZB,POINT (-9.213549613952637 38.7418212890625)
615_15E,11303_20250901_76_0_7,76_0,0,38.69947814941406,-9.228400230407715,22,IN_TRANSIT_TO,2025-09-23 11:13:07,4218,615,,POINT (-9.228400230407715 38.69947814941406)
613_15E,11280_20250901_76_0_10,76_0,1,38.697479248046875,-9.196100234985352,8,IN_TRANSIT_TO,2025-09-23 11:13:18,4113,613,,POINT (-9.196100234985352 38.697479248046875)
2262_794,8101_20250901_115_0_16,115_0,1,38.74742889404297,-9.120030403137207,24,IN_TRANSIT_TO,2025-09-22 19:42:15,3605,2262,80-48-ZE,POINT (-9.120030403137207 38.74742889404297)
2287_767,7184_20250901_112_0_5,112_0,0,38.7524299621582,-9.206450462341309,40,IN_TRANSIT_TO,2025-09-23 11:13:04,50386,2287,92-58-ZM,POINT (-9.206450462341309 38.7524299621582)
2265_731,5025_20250901_190_0_5,190_0,0,38.78247833251953,-9.108480453491211,34,IN_TRANSIT_TO,2025-09-23 11:13:14,12617,2265,76-91-ZG,POINT (-9.108480453491211 38.78247833251953)
2832_728,4722_20250901_204_4_4,204_4,1,38.70777130126953,-9.133079528808594,4,IN_TRANSIT_TO,2025-09-23 11:11:54,8202,2832,BF-68-FZ,POINT (-9.133079528808594 38.70777130126953)
2266_758,6793_20250901_150_0_8,150_0,1,38.72032928466797,-9.158120155334473,24,IN_TRANSIT_TO,2025-09-23 11:12:24,6815,2266,76-92-ZG,POINT (-9.158120155334473 38.72032928466797)
